index,Core Density,CC AB,F1,Number_of_Self_Activations,Self Activation Status
20_Without Self Activation_Network_0,20,-1.0,0.2500033333333333,0,Without Self Activation
20_Without Self Activation_Network_1,20,-1.0,0.2497099999999999,0,Without Self Activation
20_Without Self Activation_Network_2,20,-1.0,0.4982533333333333,0,Without Self Activation
20_Without Self Activation_Network_3,20,-1.0,0.4991966666666666,0,Without Self Activation
20_Without Self Activation_Network_4,20,-1.0,0.1244933333333332,0,Without Self Activation
20_Without Self Activation_Network_5,20,-1.0,0.5011966666666667,0,Without Self Activation
20_Without Self Activation_Network_6,20,-1.0,0.24852,0,Without Self Activation
20_Without Self Activation_Network_7,20,-1.0,0.2511233333333332,0,Without Self Activation
20_Without Self Activation_Network_8,20,-1.0,0.2500333333333332,0,Without Self Activation
20_Without Self Activation_Network_9,20,-1.0,0.2502033333333332,0,Without Self Activation
20_Without Self Activation_Network_10,20,-1.0,0.4999233333333333,0,Without Self Activation
20_Without Self Activation_Network_11,20,-1.0,0.9999366666666666,0,Without Self Activation
20_Without Self Activation_Network_12,20,-1.0,0.50084,0,Without Self Activation
20_Without Self Activation_Network_13,20,-1.0,0.4984699999999998,0,Without Self Activation
20_Without Self Activation_Network_14,20,-1.0,0.2491366666666666,0,Without Self Activation
20_Without Self Activation_Network_15,20,-1.0,0.2506099999999999,0,Without Self Activation
20_Without Self Activation_Network_16,20,-1.0,0.24917,0,Without Self Activation
20_Without Self Activation_Network_17,20,-1.0,0.1259866666666665,0,Without Self Activation
20_Without Self Activation_Network_18,20,-1.0,0.5012133333333333,0,Without Self Activation
20_Without Self Activation_Network_19,20,-1.0,0.2509333333333332,0,Without Self Activation
20_Without Self Activation_Network_20,20,-1.0,0.2506666666666665,0,Without Self Activation
20_Without Self Activation_Network_21,20,-1.0,0.1246166666666666,0,Without Self Activation
20_Without Self Activation_Network_22,20,-1.0,0.2499599999999999,0,Without Self Activation
20_Without Self Activation_Network_23,20,-1.0,0.4999733333333332,0,Without Self Activation
20_Without Self Activation_Network_24,20,-1.0,0.1246566666666666,0,Without Self Activation
20_Without Self Activation_Network_25,20,-1.0,0.2511599999999999,0,Without Self Activation
20_Without Self Activation_Network_26,20,-1.0,0.4978433333333333,0,Without Self Activation
20_Without Self Activation_Network_27,20,-1.0,0.9999566666666666,0,Without Self Activation
20_Without Self Activation_Network_28,20,-1.0,0.5009233333333333,0,Without Self Activation
20_Without Self Activation_Network_29,20,-1.0,0.2502899999999999,0,Without Self Activation
20_Without Self Activation_Network_30,20,-1.0,0.2491033333333331,0,Without Self Activation
20_Without Self Activation_Network_31,20,-1.0,0.5002533333333332,0,Without Self Activation
20_Without Self Activation_Network_32,20,-1.0,0.4985333333333333,0,Without Self Activation
20_Without Self Activation_Network_33,20,-1.0,0.4990066666666666,0,Without Self Activation
20_Without Self Activation_Network_34,20,-1.0,0.4990533333333332,0,Without Self Activation
20_Without Self Activation_Network_35,20,-1.0,0.5013266666666666,0,Without Self Activation
20_Without Self Activation_Network_36,20,-1.0,0.2503999999999999,0,Without Self Activation
20_Without Self Activation_Network_37,20,-1.0,0.99994,0,Without Self Activation
20_Without Self Activation_Network_38,20,-1.0,0.2505066666666666,0,Without Self Activation
20_Without Self Activation_Network_39,20,-1.0,0.2497066666666665,0,Without Self Activation
20_Without Self Activation_Network_40,20,-1.0,0.2500299999999998,0,Without Self Activation
20_Without Self Activation_Network_41,20,-1.0,0.9999566666666666,0,Without Self Activation
20_Without Self Activation_Network_42,20,-1.0,0.5000833333333332,0,Without Self Activation
20_Without Self Activation_Network_43,20,-1.0,0.1247099999999999,0,Without Self Activation
20_Without Self Activation_Network_44,20,-1.0,0.4989999999999999,0,Without Self Activation
20_Without Self Activation_Network_45,20,-1.0,0.50012,0,Without Self Activation
20_Without Self Activation_Network_46,20,-1.0,0.1259033333333332,0,Without Self Activation
20_Without Self Activation_Network_47,20,-1.0,0.9999433333333334,0,Without Self Activation
20_Without Self Activation_Network_48,20,-1.0,0.9999433333333332,0,Without Self Activation
20_Without Self Activation_Network_49,20,-1.0,0.5006366666666666,0,Without Self Activation
20_Without Self Activation_Network_50,20,-1.0,0.49971,0,Without Self Activation
20_Without Self Activation_Network_51,20,-1.0,0.2502433333333333,0,Without Self Activation
20_Without Self Activation_Network_52,20,-1.0,0.1248933333333333,0,Without Self Activation
20_Without Self Activation_Network_53,20,-1.0,0.5000666666666667,0,Without Self Activation
20_Without Self Activation_Network_54,20,-1.0,0.49907,0,Without Self Activation
20_Without Self Activation_Network_55,20,-1.0,0.5000133333333333,0,Without Self Activation
20_Without Self Activation_Network_56,20,-1.0,0.2499866666666665,0,Without Self Activation
20_Without Self Activation_Network_57,20,-1.0,0.2505299999999999,0,Without Self Activation
20_Without Self Activation_Network_58,20,-1.0,0.4990666666666666,0,Without Self Activation
20_Without Self Activation_Network_59,20,-1.0,0.4992833333333333,0,Without Self Activation
20_Without Self Activation_Network_60,20,-1.0,0.4998166666666666,0,Without Self Activation
20_Without Self Activation_Network_61,20,-1.0,0.5022733333333333,0,Without Self Activation
20_Without Self Activation_Network_62,20,-1.0,0.5006266666666666,0,Without Self Activation
20_Without Self Activation_Network_63,20,-1.0,0.1259566666666666,0,Without Self Activation
20_Without Self Activation_Network_64,20,-1.0,0.5001766666666666,0,Without Self Activation
20_Without Self Activation_Network_65,20,-1.0,0.2492266666666666,0,Without Self Activation
20_Without Self Activation_Network_66,20,-1.0,0.4999133333333333,0,Without Self Activation
20_Without Self Activation_Network_67,20,-1.0,0.9999333333333332,0,Without Self Activation
20_Without Self Activation_Network_68,20,-1.0,0.2508266666666666,0,Without Self Activation
20_Without Self Activation_Network_69,20,-1.0,0.2497466666666666,0,Without Self Activation
20_Without Self Activation_Network_70,20,-1.0,0.5006266666666666,0,Without Self Activation
20_Without Self Activation_Network_71,20,-1.0,0.2516099999999999,0,Without Self Activation
20_Without Self Activation_Network_72,20,-1.0,0.5010033333333332,0,Without Self Activation
20_Without Self Activation_Network_73,20,-1.0,0.9999433333333334,0,Without Self Activation
20_Without Self Activation_Network_74,20,-1.0,0.5008633333333332,0,Without Self Activation
20_Without Self Activation_Network_75,20,-1.0,0.1250866666666666,0,Without Self Activation
20_Without Self Activation_Network_76,20,-1.0,0.2499299999999999,0,Without Self Activation
20_Without Self Activation_Network_77,20,-1.0,0.5008299999999999,0,Without Self Activation
20_Without Self Activation_Network_78,20,-1.0,0.1255299999999999,0,Without Self Activation
20_Without Self Activation_Network_79,20,-1.0,0.2497366666666665,0,Without Self Activation
20_Without Self Activation_Network_80,20,-1.0,0.4978966666666666,0,Without Self Activation
20_Without Self Activation_Network_81,20,-1.0,0.5003366666666667,0,Without Self Activation
20_Without Self Activation_Network_82,20,-1.0,0.1233566666666665,0,Without Self Activation
20_Without Self Activation_Network_83,20,-1.0,0.9999433333333334,0,Without Self Activation
20_Without Self Activation_Network_84,20,-1.0,0.4984833333333333,0,Without Self Activation
20_Without Self Activation_Network_85,20,-1.0,0.99996,0,Without Self Activation
20_Without Self Activation_Network_86,20,-1.0,0.9999366666666668,0,Without Self Activation
20_Without Self Activation_Network_87,20,-1.0,0.9999566666666668,0,Without Self Activation
20_Without Self Activation_Network_88,20,-1.0,0.2513066666666667,0,Without Self Activation
20_Without Self Activation_Network_89,20,-1.0,0.5012266666666667,0,Without Self Activation
20_Without Self Activation_Network_90,20,-1.0,0.9999266666666666,0,Without Self Activation
20_Without Self Activation_Network_91,20,-1.0,0.9999566666666666,0,Without Self Activation
20_Without Self Activation_Network_92,20,-1.0,0.99997,0,Without Self Activation
20_Without Self Activation_Network_93,20,-1.0,0.1247299999999999,0,Without Self Activation
20_Without Self Activation_Network_94,20,-1.0,0.2504166666666666,0,Without Self Activation
20_Without Self Activation_Network_95,20,-1.0,0.4986733333333333,0,Without Self Activation
20_Without Self Activation_Network_96,20,-1.0,0.2507366666666666,0,Without Self Activation
20_Without Self Activation_Network_97,20,-1.0,0.2496833333333332,0,Without Self Activation
20_Without Self Activation_Network_98,20,-1.0,0.4999333333333333,0,Without Self Activation
20_Without Self Activation_Network_99,20,-1.0,0.4983099999999999,0,Without Self Activation
32_Without Self Activation_Network_0,32,-0.990563685431425,0.3326599999999999,0,Without Self Activation
32_Without Self Activation_Network_1,32,-0.990312516853634,0.6596766666666666,0,Without Self Activation
32_Without Self Activation_Network_2,32,-1.0,1.0,0,Without Self Activation
32_Without Self Activation_Network_3,32,-0.9866135848952766,0.3535333333333332,0,Without Self Activation
32_Without Self Activation_Network_4,32,-1.0,0.9031433333333332,0,Without Self Activation
32_Without Self Activation_Network_5,32,-1.0,1.0,0,Without Self Activation
32_Without Self Activation_Network_6,32,-1.0,1.0,0,Without Self Activation
32_Without Self Activation_Network_7,32,-0.986401058250016,0.2450533333333333,0,Without Self Activation
32_Without Self Activation_Network_8,32,-0.9879604718992,0.6595333333333333,0,Without Self Activation
32_Without Self Activation_Network_9,32,-0.967912321924146,0.53779,0,Without Self Activation
32_Without Self Activation_Network_10,32,-1.0,0.6208,0,Without Self Activation
32_Without Self Activation_Network_11,32,-1.0,0.4659266666666666,0,Without Self Activation
32_Without Self Activation_Network_12,32,-1.0,0.5094133333333333,0,Without Self Activation
32_Without Self Activation_Network_13,32,-1.0,0.5016466666666666,0,Without Self Activation
32_Without Self Activation_Network_14,32,-1.0,0.49921,0,Without Self Activation
32_Without Self Activation_Network_15,32,-1.0,0.8599266666666665,0,Without Self Activation
32_Without Self Activation_Network_16,32,-1.0,0.8542366666666665,0,Without Self Activation
32_Without Self Activation_Network_17,32,-0.9951942286907952,0.3320833333333333,0,Without Self Activation
32_Without Self Activation_Network_18,32,-1.0,1.0,0,Without Self Activation
32_Without Self Activation_Network_19,32,-1.0,0.8723933333333334,0,Without Self Activation
32_Without Self Activation_Network_20,32,-1.0,0.7311399999999999,0,Without Self Activation
32_Without Self Activation_Network_21,32,-0.9357550986788158,0.3018166666666666,0,Without Self Activation
32_Without Self Activation_Network_22,32,-1.0,0.3817899999999999,0,Without Self Activation
32_Without Self Activation_Network_23,32,-0.9976444379221464,0.7261866666666665,0,Without Self Activation
32_Without Self Activation_Network_24,32,-0.9900533229159496,0.48544,0,Without Self Activation
32_Without Self Activation_Network_25,32,-1.0,0.2970033333333333,0,Without Self Activation
32_Without Self Activation_Network_26,32,-0.9564431710729028,0.2887499999999999,0,Without Self Activation
32_Without Self Activation_Network_27,32,-0.9924254888253092,0.8373366666666666,0,Without Self Activation
32_Without Self Activation_Network_28,32,-1.0,0.5870799999999999,0,Without Self Activation
32_Without Self Activation_Network_29,32,-1.0,0.5295366666666665,0,Without Self Activation
32_Without Self Activation_Network_30,32,-1.0,0.5223933333333334,0,Without Self Activation
32_Without Self Activation_Network_31,32,-0.9959662641856704,0.6547533333333333,0,Without Self Activation
32_Without Self Activation_Network_32,32,-1.0,0.7352466666666666,0,Without Self Activation
32_Without Self Activation_Network_33,32,-0.994054919690416,0.4109433333333333,0,Without Self Activation
32_Without Self Activation_Network_34,32,-0.9914991330081154,0.4643133333333333,0,Without Self Activation
32_Without Self Activation_Network_35,32,-1.0,0.7217899999999999,0,Without Self Activation
32_Without Self Activation_Network_36,32,-1.0,1.0,0,Without Self Activation
32_Without Self Activation_Network_37,32,-0.9747393632332706,0.4116933333333333,0,Without Self Activation
32_Without Self Activation_Network_38,32,-0.9970217865979212,0.5558099999999999,0,Without Self Activation
32_Without Self Activation_Network_39,32,-0.9993211840108271,0.4899733333333332,0,Without Self Activation
32_Without Self Activation_Network_40,32,-1.0,0.6968866666666667,0,Without Self Activation
32_Without Self Activation_Network_41,32,-1.0,0.5762866666666666,0,Without Self Activation
32_Without Self Activation_Network_42,32,-1.0,0.6656466666666666,0,Without Self Activation
32_Without Self Activation_Network_43,32,-1.0,0.3334333333333332,0,Without Self Activation
32_Without Self Activation_Network_44,32,-1.0,0.2492399999999999,0,Without Self Activation
32_Without Self Activation_Network_45,32,-0.9611946920247773,0.3516333333333333,0,Without Self Activation
32_Without Self Activation_Network_46,32,-1.0,0.6314299999999999,0,Without Self Activation
32_Without Self Activation_Network_47,32,-1.0,1.0,0,Without Self Activation
32_Without Self Activation_Network_48,32,-0.9873964905138056,0.41897,0,Without Self Activation
32_Without Self Activation_Network_49,32,-0.9286561424539244,0.6474566666666666,0,Without Self Activation
32_Without Self Activation_Network_50,32,-0.9995289221902952,0.8347233333333334,0,Without Self Activation
32_Without Self Activation_Network_51,32,-1.0,0.9376,0,Without Self Activation
32_Without Self Activation_Network_52,32,-1.0,0.5456199999999999,0,Without Self Activation
32_Without Self Activation_Network_53,32,-0.977256753482509,0.53518,0,Without Self Activation
32_Without Self Activation_Network_54,32,-0.9820654977973876,0.2758099999999999,0,Without Self Activation
32_Without Self Activation_Network_55,32,-0.9952521590803112,0.7665899999999999,0,Without Self Activation
32_Without Self Activation_Network_56,32,-0.9951878628243742,0.50484,0,Without Self Activation
32_Without Self Activation_Network_57,32,-0.999160400763144,0.8359533333333333,0,Without Self Activation
32_Without Self Activation_Network_58,32,-1.0,0.6607266666666667,0,Without Self Activation
32_Without Self Activation_Network_59,32,-0.9971708186116808,0.6909699999999999,0,Without Self Activation
32_Without Self Activation_Network_60,32,-1.0,1.0,0,Without Self Activation
32_Without Self Activation_Network_61,32,-1.0,0.5916033333333334,0,Without Self Activation
32_Without Self Activation_Network_62,32,-0.9957988048892482,0.6456999999999999,0,Without Self Activation
32_Without Self Activation_Network_63,32,-0.9776397110790912,0.6266699999999998,0,Without Self Activation
32_Without Self Activation_Network_64,32,-1.0,0.6963766666666666,0,Without Self Activation
32_Without Self Activation_Network_65,32,-0.9709745461161592,0.3077833333333332,0,Without Self Activation
32_Without Self Activation_Network_66,32,-1.0,0.6840933333333334,0,Without Self Activation
32_Without Self Activation_Network_67,32,-1.0,1.0,0,Without Self Activation
32_Without Self Activation_Network_68,32,-1.0,0.8681166666666666,0,Without Self Activation
32_Without Self Activation_Network_69,32,-1.0,0.7097366666666667,0,Without Self Activation
32_Without Self Activation_Network_70,32,-0.9048653453137792,0.3452399999999999,0,Without Self Activation
32_Without Self Activation_Network_71,32,-0.993028009001198,0.5815233333333333,0,Without Self Activation
32_Without Self Activation_Network_72,32,-1.0,0.7364566666666666,0,Without Self Activation
32_Without Self Activation_Network_73,32,-0.9819263310063776,0.54257,0,Without Self Activation
32_Without Self Activation_Network_74,32,-1.0,0.5385566666666666,0,Without Self Activation
32_Without Self Activation_Network_75,32,-0.9348991204056436,0.3738833333333332,0,Without Self Activation
32_Without Self Activation_Network_76,32,-1.0,0.2883099999999999,0,Without Self Activation
32_Without Self Activation_Network_77,32,-1.0,1.0,0,Without Self Activation
32_Without Self Activation_Network_78,32,-1.0,0.3164866666666666,0,Without Self Activation
32_Without Self Activation_Network_79,32,-0.944373742133536,0.2577799999999999,0,Without Self Activation
32_Without Self Activation_Network_80,32,-0.9723198148518382,0.3099699999999999,0,Without Self Activation
32_Without Self Activation_Network_81,32,-0.9584257526336342,0.6938966666666666,0,Without Self Activation
32_Without Self Activation_Network_82,32,-1.0,0.7898333333333334,0,Without Self Activation
32_Without Self Activation_Network_83,32,-1.0,0.8046233333333332,0,Without Self Activation
32_Without Self Activation_Network_84,32,-1.0,0.8468499999999999,0,Without Self Activation
32_Without Self Activation_Network_85,32,-1.0,0.5004299999999999,0,Without Self Activation
32_Without Self Activation_Network_86,32,-1.0,1.0,0,Without Self Activation
32_Without Self Activation_Network_87,32,-1.0,0.5310999999999999,0,Without Self Activation
32_Without Self Activation_Network_88,32,-1.0,0.5945033333333332,0,Without Self Activation
32_Without Self Activation_Network_89,32,-1.0,0.5350033333333334,0,Without Self Activation
32_Without Self Activation_Network_90,32,-1.0,0.9433766666666668,0,Without Self Activation
32_Without Self Activation_Network_91,32,-0.9980874651357128,0.8276233333333332,0,Without Self Activation
32_Without Self Activation_Network_92,32,-1.0,0.5013366666666665,0,Without Self Activation
32_Without Self Activation_Network_93,32,-1.0,1.0,0,Without Self Activation
32_Without Self Activation_Network_94,32,-0.980617853553583,0.6857566666666666,0,Without Self Activation
32_Without Self Activation_Network_95,32,-0.9669228989822436,0.2241633333333333,0,Without Self Activation
32_Without Self Activation_Network_96,32,-1.0,0.3435666666666664,0,Without Self Activation
32_Without Self Activation_Network_97,32,-1.0,0.4375099999999999,0,Without Self Activation
32_Without Self Activation_Network_98,32,-1.0,1.0,0,Without Self Activation
32_Without Self Activation_Network_99,32,-1.0,0.3684599999999999,0,Without Self Activation
40_Without Self Activation_Network_0,40,-1.0,1.0,0,Without Self Activation
40_Without Self Activation_Network_1,40,-0.9994835477297588,0.6467433333333332,0,Without Self Activation
40_Without Self Activation_Network_2,40,-0.9942087605958022,0.71865,0,Without Self Activation
40_Without Self Activation_Network_3,40,-0.9819044171636117,0.6866633333333332,0,Without Self Activation
40_Without Self Activation_Network_4,40,-1.0,0.86313,0,Without Self Activation
40_Without Self Activation_Network_5,40,-1.0,1.0,0,Without Self Activation
40_Without Self Activation_Network_6,40,-1.0,1.0,0,Without Self Activation
40_Without Self Activation_Network_7,40,-1.0,1.0,0,Without Self Activation
40_Without Self Activation_Network_8,40,-0.9988640601302424,0.8485,0,Without Self Activation
40_Without Self Activation_Network_9,40,-1.0,0.7589499999999999,0,Without Self Activation
40_Without Self Activation_Network_10,40,-1.0,1.0,0,Without Self Activation
40_Without Self Activation_Network_11,40,-0.994826836977322,0.6513766666666667,0,Without Self Activation
40_Without Self Activation_Network_12,40,-0.9736443744087212,0.5477099999999999,0,Without Self Activation
40_Without Self Activation_Network_13,40,-1.0,1.0,0,Without Self Activation
40_Without Self Activation_Network_14,40,-1.0,0.5889799999999998,0,Without Self Activation
40_Without Self Activation_Network_15,40,-0.9947776570168888,0.7088466666666666,0,Without Self Activation
40_Without Self Activation_Network_16,40,-0.9978870983704764,0.6664233333333334,0,Without Self Activation
40_Without Self Activation_Network_17,40,-0.980881708858806,0.5641166666666667,0,Without Self Activation
40_Without Self Activation_Network_18,40,-0.959791619737302,0.3757899999999999,0,Without Self Activation
40_Without Self Activation_Network_19,40,-0.9973771703186366,0.84138,0,Without Self Activation
40_Without Self Activation_Network_20,40,-0.973604919595886,0.4149499999999999,0,Without Self Activation
40_Without Self Activation_Network_21,40,-0.9954491340389128,0.57099,0,Without Self Activation
40_Without Self Activation_Network_22,40,-0.9997419830209466,0.6988166666666666,0,Without Self Activation
40_Without Self Activation_Network_23,40,-0.9872522377796416,0.6979066666666667,0,Without Self Activation
40_Without Self Activation_Network_24,40,-1.0,1.0,0,Without Self Activation
40_Without Self Activation_Network_25,40,-1.0,1.0,0,Without Self Activation
40_Without Self Activation_Network_26,40,-0.9858335015609244,0.4317633333333331,0,Without Self Activation
40_Without Self Activation_Network_27,40,-0.9814241492320775,0.7404299999999999,0,Without Self Activation
40_Without Self Activation_Network_28,40,-0.9964739494485436,0.7114933333333332,0,Without Self Activation
40_Without Self Activation_Network_29,40,-1.0,1.0,0,Without Self Activation
40_Without Self Activation_Network_30,40,-1.0,0.8927933333333333,0,Without Self Activation
40_Without Self Activation_Network_31,40,-0.9841988501198784,0.35708,0,Without Self Activation
40_Without Self Activation_Network_32,40,-0.9642844900554516,0.6145366666666665,0,Without Self Activation
40_Without Self Activation_Network_33,40,-0.9930312086339994,0.6280433333333333,0,Without Self Activation
40_Without Self Activation_Network_34,40,-0.9888027155919148,0.6984466666666667,0,Without Self Activation
40_Without Self Activation_Network_35,40,-1.0,1.0,0,Without Self Activation
40_Without Self Activation_Network_36,40,-1.0,0.8999699999999999,0,Without Self Activation
40_Without Self Activation_Network_37,40,-0.9917658835620182,0.4822733333333333,0,Without Self Activation
40_Without Self Activation_Network_38,40,-1.0,0.8745533333333333,0,Without Self Activation
40_Without Self Activation_Network_39,40,-1.0,1.0,0,Without Self Activation
40_Without Self Activation_Network_40,40,-1.0,0.80819,0,Without Self Activation
40_Without Self Activation_Network_41,40,-1.0,0.8449166666666665,0,Without Self Activation
40_Without Self Activation_Network_42,40,-0.9823580360423644,0.4912333333333332,0,Without Self Activation
40_Without Self Activation_Network_43,40,-1.0,0.94431,0,Without Self Activation
40_Without Self Activation_Network_44,40,-1.0,0.87646,0,Without Self Activation
40_Without Self Activation_Network_45,40,-0.9999041650516166,0.9371633333333332,0,Without Self Activation
40_Without Self Activation_Network_46,40,-0.9774647654905124,0.3856166666666666,0,Without Self Activation
40_Without Self Activation_Network_47,40,-1.0,1.0,0,Without Self Activation
40_Without Self Activation_Network_48,40,-0.9995951280039228,0.9136966666666666,0,Without Self Activation
40_Without Self Activation_Network_49,40,-0.9985124812706964,0.7207833333333333,0,Without Self Activation
40_Without Self Activation_Network_50,40,-1.0,1.0,0,Without Self Activation
40_Without Self Activation_Network_51,40,-1.0,1.0,0,Without Self Activation
40_Without Self Activation_Network_52,40,-0.9982861885790624,0.7495933333333333,0,Without Self Activation
40_Without Self Activation_Network_53,40,-0.9948365414281444,0.7643033333333333,0,Without Self Activation
40_Without Self Activation_Network_54,40,-1.0,0.9503533333333332,0,Without Self Activation
40_Without Self Activation_Network_55,40,-1.0,0.9157133333333332,0,Without Self Activation
40_Without Self Activation_Network_56,40,-1.0,0.6394033333333332,0,Without Self Activation
40_Without Self Activation_Network_57,40,-1.0,0.9272866666666666,0,Without Self Activation
40_Without Self Activation_Network_58,40,-0.9648479983309106,0.4876233333333333,0,Without Self Activation
40_Without Self Activation_Network_59,40,-0.9987053560832648,0.7186166666666665,0,Without Self Activation
40_Without Self Activation_Network_60,40,-0.9952653881591464,0.6996766666666667,0,Without Self Activation
40_Without Self Activation_Network_61,40,-0.9967075880613318,0.5107299999999999,0,Without Self Activation
40_Without Self Activation_Network_62,40,-0.977409452795042,0.4999366666666665,0,Without Self Activation
40_Without Self Activation_Network_63,40,-0.9793869691756923,0.3625966666666665,0,Without Self Activation
40_Without Self Activation_Network_64,40,-1.0,0.9042966666666667,0,Without Self Activation
40_Without Self Activation_Network_65,40,-1.0,0.9999999999999998,0,Without Self Activation
40_Without Self Activation_Network_66,40,-0.999725353916863,0.5485466666666666,0,Without Self Activation
40_Without Self Activation_Network_67,40,-1.0,1.0,0,Without Self Activation
40_Without Self Activation_Network_68,40,-1.0,0.61479,0,Without Self Activation
40_Without Self Activation_Network_69,40,-0.9935653634315872,0.8490066666666667,0,Without Self Activation
40_Without Self Activation_Network_70,40,-1.0,1.0,0,Without Self Activation
40_Without Self Activation_Network_71,40,-0.9882249267702968,0.5858266666666666,0,Without Self Activation
40_Without Self Activation_Network_72,40,-1.0,1.0,0,Without Self Activation
40_Without Self Activation_Network_73,40,-1.0,0.94593,0,Without Self Activation
40_Without Self Activation_Network_74,40,-1.0,0.8090566666666668,0,Without Self Activation
40_Without Self Activation_Network_75,40,-0.979168082397425,0.5373899999999999,0,Without Self Activation
40_Without Self Activation_Network_76,40,-1.0,0.8298666666666666,0,Without Self Activation
40_Without Self Activation_Network_77,40,-1.0,0.9999999999999998,0,Without Self Activation
40_Without Self Activation_Network_78,40,-0.9932079528836992,0.6163099999999999,0,Without Self Activation
40_Without Self Activation_Network_79,40,-0.9984851312914906,0.7535666666666666,0,Without Self Activation
40_Without Self Activation_Network_80,40,-1.0,1.0,0,Without Self Activation
40_Without Self Activation_Network_81,40,-0.9758666182560692,0.45331,0,Without Self Activation
40_Without Self Activation_Network_82,40,-1.0,0.7566766666666667,0,Without Self Activation
40_Without Self Activation_Network_83,40,-0.9691904811543276,0.6734366666666666,0,Without Self Activation
40_Without Self Activation_Network_84,40,-0.9970048713826692,0.8349966666666667,0,Without Self Activation
40_Without Self Activation_Network_85,40,-1.0,0.6418466666666665,0,Without Self Activation
40_Without Self Activation_Network_86,40,-1.0,0.8817933333333332,0,Without Self Activation
40_Without Self Activation_Network_87,40,-0.929403448990785,0.64873,0,Without Self Activation
40_Without Self Activation_Network_88,40,-1.0,0.7133533333333333,0,Without Self Activation
40_Without Self Activation_Network_89,40,-1.0,0.9346033333333332,0,Without Self Activation
40_Without Self Activation_Network_90,40,-1.0,0.5137933333333333,0,Without Self Activation
40_Without Self Activation_Network_91,40,-1.0,0.7585366666666666,0,Without Self Activation
40_Without Self Activation_Network_92,40,-0.9760157856952104,0.51022,0,Without Self Activation
40_Without Self Activation_Network_93,40,-1.0,0.5143766666666666,0,Without Self Activation
40_Without Self Activation_Network_94,40,-1.0,0.9070633333333332,0,Without Self Activation
40_Without Self Activation_Network_95,40,-0.9952531799927632,0.5800533333333333,0,Without Self Activation
40_Without Self Activation_Network_96,40,-1.0,1.0,0,Without Self Activation
40_Without Self Activation_Network_97,40,-0.974459789418882,0.5219199999999999,0,Without Self Activation
40_Without Self Activation_Network_98,40,-1.0,1.0,0,Without Self Activation
40_Without Self Activation_Network_99,40,-1.0,1.0,0,Without Self Activation
52_Without Self Activation_Network_0,52,-1.0,0.9355733333333334,0,Without Self Activation
52_Without Self Activation_Network_1,52,-1.0,0.9999999999999998,0,Without Self Activation
52_Without Self Activation_Network_2,52,-0.9994999734333376,0.91383,0,Without Self Activation
52_Without Self Activation_Network_3,52,-1.0,1.0,0,Without Self Activation
52_Without Self Activation_Network_4,52,-1.0,1.0,0,Without Self Activation
52_Without Self Activation_Network_5,52,-0.997116391905132,0.8298966666666667,0,Without Self Activation
52_Without Self Activation_Network_6,52,-1.0,0.8723333333333334,0,Without Self Activation
52_Without Self Activation_Network_7,52,-1.0,0.4751833333333333,0,Without Self Activation
52_Without Self Activation_Network_8,52,-1.0,1.0,0,Without Self Activation
52_Without Self Activation_Network_9,52,-1.0,0.6830166666666666,0,Without Self Activation
52_Without Self Activation_Network_10,52,-1.0,1.0,0,Without Self Activation
52_Without Self Activation_Network_11,52,-1.0,0.9462733333333332,0,Without Self Activation
52_Without Self Activation_Network_12,52,-0.9996905243230436,0.8419399999999999,0,Without Self Activation
52_Without Self Activation_Network_13,52,-0.9996487973898492,0.8634333333333333,0,Without Self Activation
52_Without Self Activation_Network_14,52,-0.9976431868266166,0.7782799999999999,0,Without Self Activation
52_Without Self Activation_Network_15,52,-1.0,1.0,0,Without Self Activation
52_Without Self Activation_Network_16,52,-1.0,0.8036533333333332,0,Without Self Activation
52_Without Self Activation_Network_17,52,-1.0,0.98419,0,Without Self Activation
52_Without Self Activation_Network_18,52,-1.0,0.8016233333333334,0,Without Self Activation
52_Without Self Activation_Network_19,52,-0.9995398161895104,0.7921566666666666,0,Without Self Activation
52_Without Self Activation_Network_20,52,-1.0,0.5271733333333333,0,Without Self Activation
52_Without Self Activation_Network_21,52,-0.9998429218155284,0.8864933333333334,0,Without Self Activation
52_Without Self Activation_Network_22,52,-1.0,0.93802,0,Without Self Activation
52_Without Self Activation_Network_23,52,-0.9996950080671684,0.92921,0,Without Self Activation
52_Without Self Activation_Network_24,52,-0.997530940832838,0.7051033333333333,0,Without Self Activation
52_Without Self Activation_Network_25,52,-0.9973287456124708,0.719,0,Without Self Activation
52_Without Self Activation_Network_26,52,-1.0,0.9102166666666668,0,Without Self Activation
52_Without Self Activation_Network_27,52,-0.998806306139158,0.8175033333333332,0,Without Self Activation
52_Without Self Activation_Network_28,52,-0.9997071735607428,0.8465400000000001,0,Without Self Activation
52_Without Self Activation_Network_29,52,-1.0,1.0,0,Without Self Activation
52_Without Self Activation_Network_30,52,-0.999286294545234,0.8125233333333333,0,Without Self Activation
52_Without Self Activation_Network_31,52,-1.0,1.0000000000000002,0,Without Self Activation
52_Without Self Activation_Network_32,52,-1.0,0.71627,0,Without Self Activation
52_Without Self Activation_Network_33,52,-1.0,0.91906,0,Without Self Activation
52_Without Self Activation_Network_34,52,-0.9980932844927118,0.8986666666666665,0,Without Self Activation
52_Without Self Activation_Network_35,52,-1.0,0.9788466666666666,0,Without Self Activation
52_Without Self Activation_Network_36,52,-0.9939411888983788,0.5717499999999999,0,Without Self Activation
52_Without Self Activation_Network_37,52,-1.0,0.8888366666666666,0,Without Self Activation
52_Without Self Activation_Network_38,52,-1.0,1.0,0,Without Self Activation
52_Without Self Activation_Network_39,52,-0.9990923340890356,0.8578366666666666,0,Without Self Activation
52_Without Self Activation_Network_40,52,-0.9999494818910208,0.9178733333333332,0,Without Self Activation
52_Without Self Activation_Network_41,52,-1.0,1.0,0,Without Self Activation
52_Without Self Activation_Network_42,52,-0.998308566787886,0.77013,0,Without Self Activation
52_Without Self Activation_Network_43,52,-0.9941247158481696,0.7245133333333333,0,Without Self Activation
52_Without Self Activation_Network_44,52,-1.0,0.9135566666666668,0,Without Self Activation
52_Without Self Activation_Network_45,52,-0.9969442987019828,0.7293733333333332,0,Without Self Activation
52_Without Self Activation_Network_46,52,-0.993374371066634,0.5685899999999999,0,Without Self Activation
52_Without Self Activation_Network_47,52,-0.9946639216377082,0.6532066666666667,0,Without Self Activation
52_Without Self Activation_Network_48,52,-0.992333726972534,0.6334366666666666,0,Without Self Activation
52_Without Self Activation_Network_49,52,-1.0,1.0,0,Without Self Activation
52_Without Self Activation_Network_50,52,-1.0,1.0,0,Without Self Activation
52_Without Self Activation_Network_51,52,-1.0,0.6936933333333333,0,Without Self Activation
52_Without Self Activation_Network_52,52,-0.9982203610046771,0.7843266666666666,0,Without Self Activation
52_Without Self Activation_Network_53,52,-1.0,0.8821133333333333,0,Without Self Activation
52_Without Self Activation_Network_54,52,-0.9992731177957676,0.8111599999999999,0,Without Self Activation
52_Without Self Activation_Network_55,52,-1.0,1.0,0,Without Self Activation
52_Without Self Activation_Network_56,52,-0.9985341186547532,0.80665,0,Without Self Activation
52_Without Self Activation_Network_57,52,-1.0,0.6667099999999999,0,Without Self Activation
52_Without Self Activation_Network_58,52,-0.997969325430044,0.81653,0,Without Self Activation
52_Without Self Activation_Network_59,52,-0.9947641709187984,0.6483099999999999,0,Without Self Activation
52_Without Self Activation_Network_60,52,-1.0,0.8711866666666666,0,Without Self Activation
52_Without Self Activation_Network_61,52,-0.9981964812746632,0.8481766666666666,0,Without Self Activation
52_Without Self Activation_Network_62,52,-0.9999578010386108,0.9721166666666669,0,Without Self Activation
52_Without Self Activation_Network_63,52,-0.999951920415066,0.9399133333333334,0,Without Self Activation
52_Without Self Activation_Network_64,52,-0.999299263560681,0.7981666666666667,0,Without Self Activation
52_Without Self Activation_Network_65,52,-0.9997401959292784,0.9042066666666666,0,Without Self Activation
52_Without Self Activation_Network_66,52,-1.0,1.0,0,Without Self Activation
52_Without Self Activation_Network_67,52,-1.0,0.9512433333333332,0,Without Self Activation
52_Without Self Activation_Network_68,52,-1.0,0.8893999999999999,0,Without Self Activation
52_Without Self Activation_Network_69,52,-1.0,0.7233633333333334,0,Without Self Activation
52_Without Self Activation_Network_70,52,-0.9999587613421724,0.9667033333333332,0,Without Self Activation
52_Without Self Activation_Network_71,52,-1.0,1.0,0,Without Self Activation
52_Without Self Activation_Network_72,52,-1.0,1.0,0,Without Self Activation
52_Without Self Activation_Network_73,52,-0.99836154477034,0.7371300000000001,0,Without Self Activation
52_Without Self Activation_Network_74,52,-1.0,0.8179100000000001,0,Without Self Activation
52_Without Self Activation_Network_75,52,-0.9995272442273566,0.8368866666666668,0,Without Self Activation
52_Without Self Activation_Network_76,52,-0.9973326365766576,0.8863433333333334,0,Without Self Activation
52_Without Self Activation_Network_77,52,-1.0,0.8990066666666666,0,Without Self Activation
52_Without Self Activation_Network_78,52,-0.9984845583035024,0.7551733333333334,0,Without Self Activation
52_Without Self Activation_Network_79,52,-0.9993965033149644,0.9150833333333332,0,Without Self Activation
52_Without Self Activation_Network_80,52,-1.0,0.7861933333333332,0,Without Self Activation
52_Without Self Activation_Network_81,52,-0.993740093043984,0.4769566666666666,0,Without Self Activation
52_Without Self Activation_Network_82,52,-0.9999153385263964,0.90599,0,Without Self Activation
52_Without Self Activation_Network_83,52,-0.9976041447544064,0.6439599999999999,0,Without Self Activation
52_Without Self Activation_Network_84,52,-1.0,1.0,0,Without Self Activation
52_Without Self Activation_Network_85,52,-0.9998662754995506,0.94831,0,Without Self Activation
52_Without Self Activation_Network_86,52,-1.0,0.9740833333333332,0,Without Self Activation
52_Without Self Activation_Network_87,52,-1.0,0.8205566666666666,0,Without Self Activation
52_Without Self Activation_Network_88,52,-1.0,1.0,0,Without Self Activation
52_Without Self Activation_Network_89,52,-0.9934219591257027,0.80792,0,Without Self Activation
52_Without Self Activation_Network_90,52,-0.9994902459561772,0.8618699999999999,0,Without Self Activation
52_Without Self Activation_Network_91,52,-0.9964688872214172,0.5868766666666667,0,Without Self Activation
52_Without Self Activation_Network_92,52,-0.9995172208568788,0.87676,0,Without Self Activation
52_Without Self Activation_Network_93,52,-1.0,0.97349,0,Without Self Activation
52_Without Self Activation_Network_94,52,-0.997933438094326,0.8737033333333333,0,Without Self Activation
52_Without Self Activation_Network_95,52,-0.9994605054153196,0.8254533333333332,0,Without Self Activation
52_Without Self Activation_Network_96,52,-0.9996026761005082,0.6305733333333334,0,Without Self Activation
52_Without Self Activation_Network_97,52,-1.0,1.0,0,Without Self Activation
52_Without Self Activation_Network_98,52,-1.0,0.8494299999999999,0,Without Self Activation
52_Without Self Activation_Network_99,52,-0.9991080459584704,0.8903399999999999,0,Without Self Activation
60_Without Self Activation_Network_0,60,-1.0,1.0,0,Without Self Activation
60_Without Self Activation_Network_1,60,-0.9997980173432928,0.8783966666666666,0,Without Self Activation
60_Without Self Activation_Network_2,60,-0.999845586285004,0.95683,0,Without Self Activation
60_Without Self Activation_Network_3,60,-1.0,0.97097,0,Without Self Activation
60_Without Self Activation_Network_4,60,-1.0,0.93194,0,Without Self Activation
60_Without Self Activation_Network_5,60,-1.0,0.96583,0,Without Self Activation
60_Without Self Activation_Network_6,60,-1.0,1.0,0,Without Self Activation
60_Without Self Activation_Network_7,60,-1.0,0.97899,0,Without Self Activation
60_Without Self Activation_Network_8,60,-0.999802711519694,0.8662866666666666,0,Without Self Activation
60_Without Self Activation_Network_9,60,-0.9981569950278952,0.86829,0,Without Self Activation
60_Without Self Activation_Network_10,60,-1.0,0.9681933333333332,0,Without Self Activation
60_Without Self Activation_Network_11,60,-1.0,0.9492466666666668,0,Without Self Activation
60_Without Self Activation_Network_12,60,-1.0,0.8511133333333332,0,Without Self Activation
60_Without Self Activation_Network_13,60,-1.0,0.8353166666666667,0,Without Self Activation
60_Without Self Activation_Network_14,60,-1.0,0.8320666666666665,0,Without Self Activation
60_Without Self Activation_Network_15,60,-1.0,0.8480033333333332,0,Without Self Activation
60_Without Self Activation_Network_16,60,-0.9997928612791652,0.94415,0,Without Self Activation
60_Without Self Activation_Network_17,60,-0.9999853963311526,0.94658,0,Without Self Activation
60_Without Self Activation_Network_18,60,-1.0,1.0,0,Without Self Activation
60_Without Self Activation_Network_19,60,-0.9990395015760656,0.8262099999999999,0,Without Self Activation
60_Without Self Activation_Network_20,60,-1.0,1.0,0,Without Self Activation
60_Without Self Activation_Network_21,60,-1.0,0.9094866666666666,0,Without Self Activation
60_Without Self Activation_Network_22,60,-1.0,0.9607633333333334,0,Without Self Activation
60_Without Self Activation_Network_23,60,-1.0,1.0,0,Without Self Activation
60_Without Self Activation_Network_24,60,-1.0,1.0,0,Without Self Activation
60_Without Self Activation_Network_25,60,-0.9998773670402954,0.9499666666666666,0,Without Self Activation
60_Without Self Activation_Network_26,60,-0.9995481643450164,0.79392,0,Without Self Activation
60_Without Self Activation_Network_27,60,-0.999978089047874,0.9426166666666668,0,Without Self Activation
60_Without Self Activation_Network_28,60,-1.0,1.0,0,Without Self Activation
60_Without Self Activation_Network_29,60,-1.0,1.0,0,Without Self Activation
60_Without Self Activation_Network_30,60,-0.9999071736702954,0.95999,0,Without Self Activation
60_Without Self Activation_Network_31,60,-0.9998937940934168,0.94077,0,Without Self Activation
60_Without Self Activation_Network_32,60,-1.0,0.9253433333333332,0,Without Self Activation
60_Without Self Activation_Network_33,60,-1.0,0.8924433333333333,0,Without Self Activation
60_Without Self Activation_Network_34,60,-1.0,0.8862933333333334,0,Without Self Activation
60_Without Self Activation_Network_35,60,-0.9991249900495676,0.8719133333333332,0,Without Self Activation
60_Without Self Activation_Network_36,60,-0.9999527382369744,0.9227566666666668,0,Without Self Activation
60_Without Self Activation_Network_37,60,-1.0,1.0,0,Without Self Activation
60_Without Self Activation_Network_38,60,-1.0,0.7784199999999999,0,Without Self Activation
60_Without Self Activation_Network_39,60,-1.0,0.9820533333333332,0,Without Self Activation
60_Without Self Activation_Network_40,60,-0.9984672981603564,0.7331733333333332,0,Without Self Activation
60_Without Self Activation_Network_41,60,-1.0,1.0,0,Without Self Activation
60_Without Self Activation_Network_42,60,-1.0,0.9239833333333332,0,Without Self Activation
60_Without Self Activation_Network_43,60,-1.0,0.9679733333333332,0,Without Self Activation
60_Without Self Activation_Network_44,60,-1.0,1.0,0,Without Self Activation
60_Without Self Activation_Network_45,60,-0.9990864520395732,0.91069,0,Without Self Activation
60_Without Self Activation_Network_46,60,-1.0,1.0,0,Without Self Activation
60_Without Self Activation_Network_47,60,-0.9992057368292252,0.7550666666666666,0,Without Self Activation
60_Without Self Activation_Network_48,60,-1.0,0.9636866666666666,0,Without Self Activation
60_Without Self Activation_Network_49,60,-1.0,0.9999999999999998,0,Without Self Activation
60_Without Self Activation_Network_50,60,-0.999506426094138,0.7326733333333333,0,Without Self Activation
60_Without Self Activation_Network_51,60,-1.0,0.9742966666666668,0,Without Self Activation
60_Without Self Activation_Network_52,60,-1.0,1.0,0,Without Self Activation
60_Without Self Activation_Network_53,60,-0.999006426923575,0.8529699999999999,0,Without Self Activation
60_Without Self Activation_Network_54,60,-0.9996743995827572,0.81871,0,Without Self Activation
60_Without Self Activation_Network_55,60,-1.0,0.9175733333333334,0,Without Self Activation
60_Without Self Activation_Network_56,60,-0.999710638711184,0.7611533333333333,0,Without Self Activation
60_Without Self Activation_Network_57,60,-0.9998537072377996,0.9422066666666666,0,Without Self Activation
60_Without Self Activation_Network_58,60,-1.0,1.0,0,Without Self Activation
60_Without Self Activation_Network_59,60,-1.0,1.0,0,Without Self Activation
60_Without Self Activation_Network_60,60,-1.0,0.9342933333333332,0,Without Self Activation
60_Without Self Activation_Network_61,60,-0.9989333080245942,0.7391300000000001,0,Without Self Activation
60_Without Self Activation_Network_62,60,-0.9996804570378116,0.9261266666666664,0,Without Self Activation
60_Without Self Activation_Network_63,60,-0.999176009384145,0.8414966666666667,0,Without Self Activation
60_Without Self Activation_Network_64,60,-0.9993133642469808,0.8141266666666667,0,Without Self Activation
60_Without Self Activation_Network_65,60,-0.9990843762619598,0.80934,0,Without Self Activation
60_Without Self Activation_Network_66,60,-0.9997086481945804,0.8246133333333332,0,Without Self Activation
60_Without Self Activation_Network_67,60,-1.0,1.0,0,Without Self Activation
60_Without Self Activation_Network_68,60,-0.9997841154288688,0.8689266666666666,0,Without Self Activation
60_Without Self Activation_Network_69,60,-1.0,0.9646233333333332,0,Without Self Activation
60_Without Self Activation_Network_70,60,-0.9995139996739972,0.80583,0,Without Self Activation
60_Without Self Activation_Network_71,60,-0.9996803437995908,0.8311200000000001,0,Without Self Activation
60_Without Self Activation_Network_72,60,-1.0,1.0,0,Without Self Activation
60_Without Self Activation_Network_73,60,-0.9996505192226144,0.8139533333333332,0,Without Self Activation
60_Without Self Activation_Network_74,60,-0.9994739426883288,0.9346433333333332,0,Without Self Activation
60_Without Self Activation_Network_75,60,-1.0,0.7986899999999999,0,Without Self Activation
60_Without Self Activation_Network_76,60,-0.999863188513524,0.92009,0,Without Self Activation
60_Without Self Activation_Network_77,60,-0.998517355982038,0.81847,0,Without Self Activation
60_Without Self Activation_Network_78,60,-1.0,0.9866266666666664,0,Without Self Activation
60_Without Self Activation_Network_79,60,-1.0,1.0,0,Without Self Activation
60_Without Self Activation_Network_80,60,-0.9999069878738042,0.8761466666666666,0,Without Self Activation
60_Without Self Activation_Network_81,60,-0.9997912670412472,0.9294,0,Without Self Activation
60_Without Self Activation_Network_82,60,-1.0,0.7364633333333332,0,Without Self Activation
60_Without Self Activation_Network_83,60,-0.998362822869762,0.8735466666666667,0,Without Self Activation
60_Without Self Activation_Network_84,60,-0.999818624091053,0.7348966666666665,0,Without Self Activation
60_Without Self Activation_Network_85,60,-0.9995238297571426,0.7746733333333333,0,Without Self Activation
60_Without Self Activation_Network_86,60,-1.0,0.7829866666666666,0,Without Self Activation
60_Without Self Activation_Network_87,60,-1.0,0.9745633333333332,0,Without Self Activation
60_Without Self Activation_Network_88,60,-1.0,0.9284233333333334,0,Without Self Activation
60_Without Self Activation_Network_89,60,-1.0,0.9587933333333334,0,Without Self Activation
60_Without Self Activation_Network_90,60,-0.9994613966113404,0.8430933333333333,0,Without Self Activation
60_Without Self Activation_Network_91,60,-0.9992408463571132,0.8054033333333332,0,Without Self Activation
60_Without Self Activation_Network_92,60,-0.9999302921301382,0.8355333333333332,0,Without Self Activation
60_Without Self Activation_Network_93,60,-1.0,0.93361,0,Without Self Activation
60_Without Self Activation_Network_94,60,-1.0,1.0,0,Without Self Activation
60_Without Self Activation_Network_95,60,-1.0,0.9214966666666666,0,Without Self Activation
60_Without Self Activation_Network_96,60,-0.9996904478879568,0.9074066666666668,0,Without Self Activation
60_Without Self Activation_Network_97,60,-1.0,1.0,0,Without Self Activation
60_Without Self Activation_Network_98,60,-1.0,0.5845866666666666,0,Without Self Activation
60_Without Self Activation_Network_99,60,-0.9994632150216062,0.8234333333333332,0,Without Self Activation
72_Without Self Activation_Network_0,72,-1.0,0.9221766666666666,0,Without Self Activation
72_Without Self Activation_Network_1,72,-1.0,0.9689166666666666,0,Without Self Activation
72_Without Self Activation_Network_2,72,-0.999919730377635,0.9334366666666666,0,Without Self Activation
72_Without Self Activation_Network_3,72,-1.0,0.9761466666666666,0,Without Self Activation
72_Without Self Activation_Network_4,72,-1.0,0.9660099999999998,0,Without Self Activation
72_Without Self Activation_Network_5,72,-0.9999721704904696,0.9757466666666664,0,Without Self Activation
72_Without Self Activation_Network_6,72,-1.0,0.9542633333333332,0,Without Self Activation
72_Without Self Activation_Network_7,72,-0.999701662993318,0.9233166666666666,0,Without Self Activation
72_Without Self Activation_Network_8,72,-1.0,1.0,0,Without Self Activation
72_Without Self Activation_Network_9,72,-1.0,1.0,0,Without Self Activation
72_Without Self Activation_Network_10,72,-1.0,0.9782733333333332,0,Without Self Activation
72_Without Self Activation_Network_11,72,-1.0,1.0,0,Without Self Activation
72_Without Self Activation_Network_12,72,-1.0,0.9639433333333334,0,Without Self Activation
72_Without Self Activation_Network_13,72,-1.0,1.0,0,Without Self Activation
72_Without Self Activation_Network_14,72,-1.0,0.96447,0,Without Self Activation
72_Without Self Activation_Network_15,72,-0.9999762394959442,0.9630666666666666,0,Without Self Activation
72_Without Self Activation_Network_16,72,-1.0,1.0,0,Without Self Activation
72_Without Self Activation_Network_17,72,-1.0,1.0,0,Without Self Activation
72_Without Self Activation_Network_18,72,-1.0,0.9663933333333332,0,Without Self Activation
72_Without Self Activation_Network_19,72,-1.0,0.9630833333333332,0,Without Self Activation
72_Without Self Activation_Network_20,72,-0.9999985065897932,0.9908866666666666,0,Without Self Activation
72_Without Self Activation_Network_21,72,-1.0,0.9817766666666669,0,Without Self Activation
72_Without Self Activation_Network_22,72,-0.999884051047041,0.9552699999999998,0,Without Self Activation
72_Without Self Activation_Network_23,72,-1.0,1.0,0,Without Self Activation
72_Without Self Activation_Network_24,72,-1.0,0.98121,0,Without Self Activation
72_Without Self Activation_Network_25,72,-1.0,1.0,0,Without Self Activation
72_Without Self Activation_Network_26,72,-1.0,1.0,0,Without Self Activation
72_Without Self Activation_Network_27,72,-0.9998566160653378,0.9405266666666668,0,Without Self Activation
72_Without Self Activation_Network_28,72,-1.0,1.0,0,Without Self Activation
72_Without Self Activation_Network_29,72,-1.0,0.9223033333333333,0,Without Self Activation
72_Without Self Activation_Network_30,72,-0.9999828252703132,0.9667899999999998,0,Without Self Activation
72_Without Self Activation_Network_31,72,-0.9999893000595498,0.9824033333333332,0,Without Self Activation
72_Without Self Activation_Network_32,72,-1.0,0.8259799999999999,0,Without Self Activation
72_Without Self Activation_Network_33,72,-1.0,1.0,0,Without Self Activation
72_Without Self Activation_Network_34,72,-1.0,0.98769,0,Without Self Activation
72_Without Self Activation_Network_35,72,-1.0,0.9818366666666668,0,Without Self Activation
72_Without Self Activation_Network_36,72,-1.0,1.0,0,Without Self Activation
72_Without Self Activation_Network_37,72,-1.0,0.9641533333333332,0,Without Self Activation
72_Without Self Activation_Network_38,72,-1.0,0.8370366666666667,0,Without Self Activation
72_Without Self Activation_Network_39,72,-1.0,0.9214366666666668,0,Without Self Activation
72_Without Self Activation_Network_40,72,-0.99927440998385,0.8798799999999999,0,Without Self Activation
72_Without Self Activation_Network_41,72,-1.0,0.9787633333333332,0,Without Self Activation
72_Without Self Activation_Network_42,72,-1.0,0.96256,0,Without Self Activation
72_Without Self Activation_Network_43,72,-0.999829642495636,0.7870766666666669,0,Without Self Activation
72_Without Self Activation_Network_44,72,-1.0,0.9336933333333332,0,Without Self Activation
72_Without Self Activation_Network_45,72,-1.0,0.9403066666666666,0,Without Self Activation
72_Without Self Activation_Network_46,72,-0.9997124195284164,0.7963300000000001,0,Without Self Activation
72_Without Self Activation_Network_47,72,-0.9999563088890724,0.9581133333333334,0,Without Self Activation
72_Without Self Activation_Network_48,72,-0.9999881170068512,0.9817699999999998,0,Without Self Activation
72_Without Self Activation_Network_49,72,-1.0,0.96198,0,Without Self Activation
72_Without Self Activation_Network_50,72,-1.0,0.9814999999999998,0,Without Self Activation
72_Without Self Activation_Network_51,72,-0.9998859575252648,0.9518166666666668,0,Without Self Activation
72_Without Self Activation_Network_52,72,-1.0,0.9832666666666668,0,Without Self Activation
72_Without Self Activation_Network_53,72,-1.0,0.8111166666666667,0,Without Self Activation
72_Without Self Activation_Network_54,72,-1.0,1.0,0,Without Self Activation
72_Without Self Activation_Network_55,72,-1.0,1.0,0,Without Self Activation
72_Without Self Activation_Network_56,72,-1.0,0.9673333333333334,0,Without Self Activation
72_Without Self Activation_Network_57,72,-1.0,0.8142999999999999,0,Without Self Activation
72_Without Self Activation_Network_58,72,-0.99999239089799,0.9786866666666664,0,Without Self Activation
72_Without Self Activation_Network_59,72,-1.0,0.9720966666666668,0,Without Self Activation
72_Without Self Activation_Network_60,72,-1.0,0.9743866666666666,0,Without Self Activation
72_Without Self Activation_Network_61,72,-1.0,0.97894,0,Without Self Activation
72_Without Self Activation_Network_62,72,-1.0,1.0,0,Without Self Activation
72_Without Self Activation_Network_63,72,-1.0,1.0,0,Without Self Activation
72_Without Self Activation_Network_64,72,-1.0,1.0,0,Without Self Activation
72_Without Self Activation_Network_65,72,-1.0,0.9797666666666668,0,Without Self Activation
72_Without Self Activation_Network_66,72,-1.0,0.98541,0,Without Self Activation
72_Without Self Activation_Network_67,72,-1.0,0.98027,0,Without Self Activation
72_Without Self Activation_Network_68,72,-1.0,0.9654066666666664,0,Without Self Activation
72_Without Self Activation_Network_69,72,-1.0,0.9999999999999998,0,Without Self Activation
72_Without Self Activation_Network_70,72,-1.0,0.8155633333333334,0,Without Self Activation
72_Without Self Activation_Network_71,72,-1.0,1.0,0,Without Self Activation
72_Without Self Activation_Network_72,72,-0.9999804241898596,0.9784566666666664,0,Without Self Activation
72_Without Self Activation_Network_73,72,-1.0,0.9593066666666664,0,Without Self Activation
72_Without Self Activation_Network_74,72,-1.0,0.9637333333333332,0,Without Self Activation
72_Without Self Activation_Network_75,72,-1.0,0.9560433333333332,0,Without Self Activation
72_Without Self Activation_Network_76,72,-1.0,1.0,0,Without Self Activation
72_Without Self Activation_Network_77,72,-1.0,0.9823066666666668,0,Without Self Activation
72_Without Self Activation_Network_78,72,-0.9996489819035922,0.88822,0,Without Self Activation
72_Without Self Activation_Network_79,72,-1.0,0.9725066666666666,0,Without Self Activation
72_Without Self Activation_Network_80,72,-1.0,0.9737,0,Without Self Activation
72_Without Self Activation_Network_81,72,-0.9999345559520396,0.9567866666666668,0,Without Self Activation
72_Without Self Activation_Network_82,72,-1.0,1.0,0,Without Self Activation
72_Without Self Activation_Network_83,72,-1.0,1.0,0,Without Self Activation
72_Without Self Activation_Network_84,72,-1.0,0.9483999999999998,0,Without Self Activation
72_Without Self Activation_Network_85,72,-1.0,1.0,0,Without Self Activation
72_Without Self Activation_Network_86,72,-1.0,1.0,0,Without Self Activation
72_Without Self Activation_Network_87,72,-1.0,1.0,0,Without Self Activation
72_Without Self Activation_Network_88,72,-1.0,0.9401333333333334,0,Without Self Activation
72_Without Self Activation_Network_89,72,-1.0,0.95043,0,Without Self Activation
72_Without Self Activation_Network_90,72,-1.0,0.9822,0,Without Self Activation
72_Without Self Activation_Network_91,72,-0.9999740444997552,0.9343433333333332,0,Without Self Activation
72_Without Self Activation_Network_92,72,-1.0,1.0,0,Without Self Activation
72_Without Self Activation_Network_93,72,-1.0,1.0,0,Without Self Activation
72_Without Self Activation_Network_94,72,-1.0,1.0,0,Without Self Activation
72_Without Self Activation_Network_95,72,-0.9999768634509544,0.97298,0,Without Self Activation
72_Without Self Activation_Network_96,72,-1.0,0.9641533333333332,0,Without Self Activation
72_Without Self Activation_Network_97,72,-1.0,0.92149,0,Without Self Activation
72_Without Self Activation_Network_98,72,-1.0,1.0,0,Without Self Activation
72_Without Self Activation_Network_99,72,-1.0,1.0,0,Without Self Activation
80_Without Self Activation_Network_0,80,-1.0,0.9515833333333334,0,Without Self Activation
80_Without Self Activation_Network_1,80,-1.0,0.98739,0,Without Self Activation
80_Without Self Activation_Network_2,80,-1.0,0.98939,0,Without Self Activation
80_Without Self Activation_Network_3,80,-1.0,0.9651266666666668,0,Without Self Activation
80_Without Self Activation_Network_4,80,-1.0,0.9771066666666666,0,Without Self Activation
80_Without Self Activation_Network_5,80,-1.0,0.9928566666666668,0,Without Self Activation
80_Without Self Activation_Network_6,80,-1.0,1.0,0,Without Self Activation
80_Without Self Activation_Network_7,80,-1.0,1.0,0,Without Self Activation
80_Without Self Activation_Network_8,80,-1.0,0.9999999999999998,0,Without Self Activation
80_Without Self Activation_Network_9,80,-1.0,0.9899099999999998,0,Without Self Activation
80_Without Self Activation_Network_10,80,-1.0,0.9888733333333332,0,Without Self Activation
80_Without Self Activation_Network_11,80,-1.0,0.8473299999999999,0,Without Self Activation
80_Without Self Activation_Network_12,80,-1.0,0.97192,0,Without Self Activation
80_Without Self Activation_Network_13,80,-1.0,1.0,0,Without Self Activation
80_Without Self Activation_Network_14,80,-1.0,1.0,0,Without Self Activation
80_Without Self Activation_Network_15,80,-1.0,0.9572133333333332,0,Without Self Activation
80_Without Self Activation_Network_16,80,-1.0,1.0,0,Without Self Activation
80_Without Self Activation_Network_17,80,-1.0,1.0,0,Without Self Activation
80_Without Self Activation_Network_18,80,-1.0,1.0,0,Without Self Activation
80_Without Self Activation_Network_19,80,-1.0,1.0,0,Without Self Activation
80_Without Self Activation_Network_20,80,-1.0,0.98372,0,Without Self Activation
80_Without Self Activation_Network_21,80,-1.0,1.0,0,Without Self Activation
80_Without Self Activation_Network_22,80,-1.0,1.0,0,Without Self Activation
80_Without Self Activation_Network_23,80,-1.0,1.0,0,Without Self Activation
80_Without Self Activation_Network_24,80,-1.0,0.97805,0,Without Self Activation
80_Without Self Activation_Network_25,80,-1.0,0.98765,0,Without Self Activation
80_Without Self Activation_Network_26,80,-1.0,0.97914,0,Without Self Activation
80_Without Self Activation_Network_27,80,-1.0,1.0,0,Without Self Activation
80_Without Self Activation_Network_28,80,-0.9999979658076724,0.9898933333333334,0,Without Self Activation
80_Without Self Activation_Network_29,80,-1.0,1.0,0,Without Self Activation
80_Without Self Activation_Network_30,80,-1.0,0.9873533333333334,0,Without Self Activation
80_Without Self Activation_Network_31,80,-1.0,0.98385,0,Without Self Activation
80_Without Self Activation_Network_32,80,-1.0,1.0,0,Without Self Activation
80_Without Self Activation_Network_33,80,-1.0,1.0,0,Without Self Activation
80_Without Self Activation_Network_34,80,-1.0,1.0,0,Without Self Activation
80_Without Self Activation_Network_35,80,-1.0,0.9847133333333332,0,Without Self Activation
80_Without Self Activation_Network_36,80,-1.0,0.98466,0,Without Self Activation
80_Without Self Activation_Network_37,80,-1.0,0.96578,0,Without Self Activation
80_Without Self Activation_Network_38,80,-1.0,1.0,0,Without Self Activation
80_Without Self Activation_Network_39,80,-1.0,1.0,0,Without Self Activation
80_Without Self Activation_Network_40,80,-1.0,0.9732033333333332,0,Without Self Activation
80_Without Self Activation_Network_41,80,-1.0,1.0,0,Without Self Activation
80_Without Self Activation_Network_42,80,-1.0,1.0,0,Without Self Activation
80_Without Self Activation_Network_43,80,-1.0,0.96897,0,Without Self Activation
80_Without Self Activation_Network_44,80,-0.9999987080893362,0.9913233333333332,0,Without Self Activation
80_Without Self Activation_Network_45,80,-1.0,1.0,0,Without Self Activation
80_Without Self Activation_Network_46,80,-1.0,1.0,0,Without Self Activation
80_Without Self Activation_Network_47,80,-1.0,1.0,0,Without Self Activation
80_Without Self Activation_Network_48,80,-1.0,1.0,0,Without Self Activation
80_Without Self Activation_Network_49,80,-1.0,0.9903266666666666,0,Without Self Activation
80_Without Self Activation_Network_50,80,-1.0,1.0,0,Without Self Activation
80_Without Self Activation_Network_51,80,-1.0,1.0,0,Without Self Activation
80_Without Self Activation_Network_52,80,-1.0,1.0,0,Without Self Activation
80_Without Self Activation_Network_53,80,-1.0,0.9732466666666666,0,Without Self Activation
80_Without Self Activation_Network_54,80,-1.0,1.0,0,Without Self Activation
80_Without Self Activation_Network_55,80,-1.0,1.0,0,Without Self Activation
80_Without Self Activation_Network_56,80,-1.0,0.9840133333333332,0,Without Self Activation
80_Without Self Activation_Network_57,80,-0.9997681944085156,0.9196666666666666,0,Without Self Activation
80_Without Self Activation_Network_58,80,-1.0,0.97236,0,Without Self Activation
80_Without Self Activation_Network_59,80,-1.0,0.9856666666666668,0,Without Self Activation
80_Without Self Activation_Network_60,80,-1.0,1.0,0,Without Self Activation
80_Without Self Activation_Network_61,80,-1.0,1.0,0,Without Self Activation
80_Without Self Activation_Network_62,80,-1.0,0.9630833333333332,0,Without Self Activation
80_Without Self Activation_Network_63,80,-1.0,0.9685066666666666,0,Without Self Activation
80_Without Self Activation_Network_64,80,-1.0,0.9999999999999998,0,Without Self Activation
80_Without Self Activation_Network_65,80,-1.0,1.0,0,Without Self Activation
80_Without Self Activation_Network_66,80,-1.0,0.9922433333333334,0,Without Self Activation
80_Without Self Activation_Network_67,80,-1.0,0.98731,0,Without Self Activation
80_Without Self Activation_Network_68,80,-1.0,1.0,0,Without Self Activation
80_Without Self Activation_Network_69,80,-1.0,1.0,0,Without Self Activation
80_Without Self Activation_Network_70,80,-1.0,1.0,0,Without Self Activation
80_Without Self Activation_Network_71,80,-1.0,0.9883566666666666,0,Without Self Activation
80_Without Self Activation_Network_72,80,-1.0,1.0,0,Without Self Activation
80_Without Self Activation_Network_73,80,-1.0,0.9928,0,Without Self Activation
80_Without Self Activation_Network_74,80,-1.0,0.9807133333333332,0,Without Self Activation
80_Without Self Activation_Network_75,80,-1.0,1.0,0,Without Self Activation
80_Without Self Activation_Network_76,80,-1.0,0.9853433333333332,0,Without Self Activation
80_Without Self Activation_Network_77,80,-1.0,1.0,0,Without Self Activation
80_Without Self Activation_Network_78,80,-1.0,0.98793,0,Without Self Activation
80_Without Self Activation_Network_79,80,-1.0,1.0,0,Without Self Activation
80_Without Self Activation_Network_80,80,-1.0,0.9560433333333332,0,Without Self Activation
80_Without Self Activation_Network_81,80,-1.0,0.98408,0,Without Self Activation
80_Without Self Activation_Network_82,80,-1.0,1.0,0,Without Self Activation
80_Without Self Activation_Network_83,80,-1.0,1.0,0,Without Self Activation
80_Without Self Activation_Network_84,80,-1.0,1.0,0,Without Self Activation
80_Without Self Activation_Network_85,80,-1.0,0.99444,0,Without Self Activation
80_Without Self Activation_Network_86,80,-0.9999917407842496,0.97725,0,Without Self Activation
80_Without Self Activation_Network_87,80,-1.0,1.0,0,Without Self Activation
80_Without Self Activation_Network_88,80,-1.0,1.0,0,Without Self Activation
80_Without Self Activation_Network_89,80,-1.0,0.9823033333333332,0,Without Self Activation
80_Without Self Activation_Network_90,80,-0.9999862565716362,0.9808666666666666,0,Without Self Activation
80_Without Self Activation_Network_91,80,-1.0,1.0,0,Without Self Activation
80_Without Self Activation_Network_92,80,-1.0,1.0,0,Without Self Activation
80_Without Self Activation_Network_93,80,-1.0,0.9664,0,Without Self Activation
80_Without Self Activation_Network_94,80,-1.0,0.9882,0,Without Self Activation
80_Without Self Activation_Network_95,80,-1.0,0.9729,0,Without Self Activation
80_Without Self Activation_Network_96,80,-1.0,1.0,0,Without Self Activation
80_Without Self Activation_Network_97,80,-1.0,1.0,0,Without Self Activation
80_Without Self Activation_Network_98,80,-1.0,0.9676666666666666,0,Without Self Activation
80_Without Self Activation_Network_99,80,-0.9999850712895482,0.9698066666666668,0,Without Self Activation
92_Without Self Activation_Network_0,92,-1.0,1.0,0,Without Self Activation
92_Without Self Activation_Network_1,92,-1.0,1.0,0,Without Self Activation
92_Without Self Activation_Network_2,92,-1.0,1.0,0,Without Self Activation
92_Without Self Activation_Network_3,92,-1.0,1.0,0,Without Self Activation
92_Without Self Activation_Network_4,92,-1.0,1.0,0,Without Self Activation
92_Without Self Activation_Network_5,92,-1.0,0.9924733333333332,0,Without Self Activation
92_Without Self Activation_Network_6,92,-1.0,1.0,0,Without Self Activation
92_Without Self Activation_Network_7,92,-1.0,1.0,0,Without Self Activation
92_Without Self Activation_Network_8,92,-1.0,0.9999999999999998,0,Without Self Activation
92_Without Self Activation_Network_9,92,-1.0,0.9927266666666664,0,Without Self Activation
92_Without Self Activation_Network_10,92,-1.0,1.0,0,Without Self Activation
92_Without Self Activation_Network_11,92,-1.0,1.0,0,Without Self Activation
92_Without Self Activation_Network_12,92,-1.0,1.0,0,Without Self Activation
92_Without Self Activation_Network_13,92,-1.0,1.0,0,Without Self Activation
92_Without Self Activation_Network_14,92,-1.0,0.99246,0,Without Self Activation
92_Without Self Activation_Network_15,92,-1.0,1.0,0,Without Self Activation
92_Without Self Activation_Network_16,92,-1.0,1.0,0,Without Self Activation
92_Without Self Activation_Network_17,92,-1.0,1.0,0,Without Self Activation
92_Without Self Activation_Network_18,92,-1.0,0.9928333333333332,0,Without Self Activation
92_Without Self Activation_Network_19,92,-1.0,1.0,0,Without Self Activation
92_Without Self Activation_Network_20,92,-1.0,0.99278,0,Without Self Activation
92_Without Self Activation_Network_21,92,-1.0,1.0,0,Without Self Activation
92_Without Self Activation_Network_22,92,-1.0,1.0,0,Without Self Activation
92_Without Self Activation_Network_23,92,-1.0,1.0,0,Without Self Activation
92_Without Self Activation_Network_24,92,-1.0,1.0,0,Without Self Activation
92_Without Self Activation_Network_25,92,-1.0,1.0,0,Without Self Activation
92_Without Self Activation_Network_26,92,-1.0,1.0,0,Without Self Activation
92_Without Self Activation_Network_27,92,-1.0,1.0,0,Without Self Activation
92_Without Self Activation_Network_28,92,-1.0,1.0,0,Without Self Activation
92_Without Self Activation_Network_29,92,-1.0,1.0,0,Without Self Activation
92_Without Self Activation_Network_30,92,-1.0,1.0,0,Without Self Activation
92_Without Self Activation_Network_31,92,-1.0,1.0,0,Without Self Activation
92_Without Self Activation_Network_32,92,-1.0,1.0,0,Without Self Activation
92_Without Self Activation_Network_33,92,-1.0,1.0,0,Without Self Activation
92_Without Self Activation_Network_34,92,-1.0,0.9925566666666664,0,Without Self Activation
92_Without Self Activation_Network_35,92,-1.0,1.0,0,Without Self Activation
92_Without Self Activation_Network_36,92,-1.0,1.0,0,Without Self Activation
92_Without Self Activation_Network_37,92,-1.0,1.0,0,Without Self Activation
92_Without Self Activation_Network_38,92,-1.0,1.0,0,Without Self Activation
92_Without Self Activation_Network_39,92,-1.0,1.0,0,Without Self Activation
92_Without Self Activation_Network_40,92,-1.0,1.0,0,Without Self Activation
92_Without Self Activation_Network_41,92,-1.0,1.0,0,Without Self Activation
92_Without Self Activation_Network_42,92,-1.0,1.0,0,Without Self Activation
92_Without Self Activation_Network_43,92,-1.0,1.0,0,Without Self Activation
92_Without Self Activation_Network_44,92,-1.0,1.0,0,Without Self Activation
92_Without Self Activation_Network_45,92,-1.0,1.0,0,Without Self Activation
92_Without Self Activation_Network_46,92,-1.0,1.0,0,Without Self Activation
92_Without Self Activation_Network_47,92,-1.0,1.0,0,Without Self Activation
92_Without Self Activation_Network_48,92,-1.0,1.0,0,Without Self Activation
92_Without Self Activation_Network_49,92,-1.0,1.0,0,Without Self Activation
92_Without Self Activation_Network_50,92,-1.0,1.0,0,Without Self Activation
92_Without Self Activation_Network_51,92,-1.0,1.0,0,Without Self Activation
92_Without Self Activation_Network_52,92,-1.0,1.0,0,Without Self Activation
92_Without Self Activation_Network_53,92,-1.0,1.0,0,Without Self Activation
92_Without Self Activation_Network_54,92,-1.0,0.9999999999999998,0,Without Self Activation
92_Without Self Activation_Network_55,92,-1.0,1.0,0,Without Self Activation
92_Without Self Activation_Network_56,92,-1.0,1.0,0,Without Self Activation
92_Without Self Activation_Network_57,92,-1.0,1.0,0,Without Self Activation
92_Without Self Activation_Network_58,92,-1.0,1.0,0,Without Self Activation
92_Without Self Activation_Network_59,92,-1.0,1.0,0,Without Self Activation
92_Without Self Activation_Network_60,92,-1.0,1.0,0,Without Self Activation
92_Without Self Activation_Network_61,92,-1.0,0.99263,0,Without Self Activation
92_Without Self Activation_Network_62,92,-1.0,1.0,0,Without Self Activation
92_Without Self Activation_Network_63,92,-1.0,1.0,0,Without Self Activation
92_Without Self Activation_Network_64,92,-1.0,1.0,0,Without Self Activation
92_Without Self Activation_Network_65,92,-1.0,1.0,0,Without Self Activation
92_Without Self Activation_Network_66,92,-1.0,1.0,0,Without Self Activation
92_Without Self Activation_Network_67,92,-1.0,1.0,0,Without Self Activation
92_Without Self Activation_Network_68,92,-1.0,1.0,0,Without Self Activation
92_Without Self Activation_Network_69,92,-1.0,1.0,0,Without Self Activation
92_Without Self Activation_Network_70,92,-1.0,0.99238,0,Without Self Activation
92_Without Self Activation_Network_71,92,-1.0,1.0,0,Without Self Activation
92_Without Self Activation_Network_72,92,-1.0,1.0,0,Without Self Activation
92_Without Self Activation_Network_73,92,-1.0,1.0,0,Without Self Activation
92_Without Self Activation_Network_74,92,-1.0,1.0,0,Without Self Activation
92_Without Self Activation_Network_75,92,-1.0,1.0,0,Without Self Activation
92_Without Self Activation_Network_76,92,-1.0,1.0,0,Without Self Activation
92_Without Self Activation_Network_77,92,-1.0,1.0,0,Without Self Activation
92_Without Self Activation_Network_78,92,-1.0,1.0,0,Without Self Activation
92_Without Self Activation_Network_79,92,-1.0,1.0,0,Without Self Activation
92_Without Self Activation_Network_80,92,-1.0,1.0,0,Without Self Activation
92_Without Self Activation_Network_81,92,-1.0,1.0,0,Without Self Activation
92_Without Self Activation_Network_82,92,-1.0,1.0,0,Without Self Activation
92_Without Self Activation_Network_83,92,-1.0,1.0,0,Without Self Activation
92_Without Self Activation_Network_84,92,-1.0,1.0,0,Without Self Activation
92_Without Self Activation_Network_85,92,-1.0,1.0,0,Without Self Activation
92_Without Self Activation_Network_86,92,-1.0,0.99272,0,Without Self Activation
92_Without Self Activation_Network_87,92,-1.0,1.0,0,Without Self Activation
92_Without Self Activation_Network_88,92,-1.0,1.0,0,Without Self Activation
92_Without Self Activation_Network_89,92,-1.0,0.99264,0,Without Self Activation
92_Without Self Activation_Network_90,92,-1.0,1.0,0,Without Self Activation
92_Without Self Activation_Network_91,92,-1.0,1.0,0,Without Self Activation
92_Without Self Activation_Network_92,92,-1.0,1.0,0,Without Self Activation
92_Without Self Activation_Network_93,92,-1.0,1.0,0,Without Self Activation
92_Without Self Activation_Network_94,92,-1.0,1.0,0,Without Self Activation
92_Without Self Activation_Network_95,92,-1.0,1.0,0,Without Self Activation
92_Without Self Activation_Network_96,92,-1.0,0.99247,0,Without Self Activation
92_Without Self Activation_Network_97,92,-1.0,0.9928433333333332,0,Without Self Activation
92_Without Self Activation_Network_98,92,-1.0,1.0,0,Without Self Activation
92_Without Self Activation_Network_99,92,-1.0,1.0,0,Without Self Activation
100_Without Self Activation_Network_0,100,-1.0,0.9999999999999998,0,Without Self Activation
