index,Core Density,CC AB,F1,Self Activation Status,Impurity
80_With Self Activation_Network_0,80,-0.9999906963279684,0.9837366666666668,With Self Activation,0.0
80_With Self Activation_Network_1,80,-1.0,1.0,With Self Activation,0.0
80_With Self Activation_Network_2,80,-0.9999999469198668,0.9970133333333332,With Self Activation,0.0
80_With Self Activation_Network_3,80,-0.999999954413643,0.99716,With Self Activation,0.0
80_With Self Activation_Network_4,80,-1.0,1.0,With Self Activation,0.0
80_With Self Activation_Network_5,80,-0.9999930261316252,0.9856733333333332,With Self Activation,0.0
80_With Self Activation_Network_6,80,-1.0,1.0,With Self Activation,0.0
80_With Self Activation_Network_7,80,-1.0,1.0,With Self Activation,0.0
80_With Self Activation_Network_8,80,-1.0,1.0,With Self Activation,0.0
80_With Self Activation_Network_9,80,-0.9999999502371922,0.9970766666666664,With Self Activation,0.0
80_With Self Activation_Network_10,80,-0.9999972652225446,0.9888566666666668,With Self Activation,0.0
80_With Self Activation_Network_11,80,-0.9999982905316588,0.9904766666666664,With Self Activation,0.0
80_With Self Activation_Network_12,80,-0.9999999681128432,0.99748,With Self Activation,0.0
80_With Self Activation_Network_13,80,-0.999999713490826,0.9947566666666666,With Self Activation,0.0
80_With Self Activation_Network_14,80,-0.9999986847725668,0.9917666666666668,With Self Activation,0.0
80_With Self Activation_Network_15,80,-1.0,1.0,With Self Activation,0.0
80_With Self Activation_Network_16,80,-1.0,1.0,With Self Activation,0.0
80_With Self Activation_Network_17,80,-0.9999996073868654,0.9941733333333334,With Self Activation,0.0
80_With Self Activation_Network_18,80,-1.0,1.0,With Self Activation,0.0
80_With Self Activation_Network_19,80,-0.9999996666362612,0.9944833333333332,With Self Activation,0.0
80_With Self Activation_Network_20,80,-0.9999993667961856,0.9931666666666666,With Self Activation,0.0
80_With Self Activation_Network_21,80,-0.9999982623271628,0.9910466666666666,With Self Activation,0.0
80_With Self Activation_Network_22,80,-1.0,1.0,With Self Activation,0.0
80_With Self Activation_Network_23,80,-0.9999995680207466,0.9939866666666668,With Self Activation,0.0
80_With Self Activation_Network_24,80,-0.999999985131196,0.9980466666666664,With Self Activation,0.0
80_With Self Activation_Network_25,80,-1.0,0.9968633333333332,With Self Activation,0.0
80_With Self Activation_Network_26,80,-0.9999999048940302,0.99637,With Self Activation,0.0
80_With Self Activation_Network_27,80,-0.9999993153282482,0.9934133333333331,With Self Activation,0.0
80_With Self Activation_Network_28,80,-0.999929282407572,0.9684866666666666,With Self Activation,0.0
80_With Self Activation_Network_29,80,-1.0,1.0,With Self Activation,0.0
80_With Self Activation_Network_30,80,-1.0,0.9999999999999998,With Self Activation,0.0
80_With Self Activation_Network_31,80,-1.0,1.0,With Self Activation,0.0
80_With Self Activation_Network_32,80,-0.9999965651432292,0.9888266666666664,With Self Activation,0.0
80_With Self Activation_Network_33,80,-0.9999999451368656,0.99698,With Self Activation,0.0
80_With Self Activation_Network_34,80,-1.0,1.0,With Self Activation,0.0
80_With Self Activation_Network_35,80,-0.999994931620046,0.9838266666666666,With Self Activation,0.0
80_With Self Activation_Network_36,80,-0.9999908042250488,0.9811333333333332,With Self Activation,0.0
80_With Self Activation_Network_37,80,-1.0,1.0,With Self Activation,0.0
80_With Self Activation_Network_38,80,-1.0,1.0,With Self Activation,0.0
80_With Self Activation_Network_39,80,-1.0,1.0,With Self Activation,0.0
80_With Self Activation_Network_40,80,-1.0,1.0,With Self Activation,0.0
80_With Self Activation_Network_41,80,-0.9999857638573332,0.9814033333333332,With Self Activation,0.0
80_With Self Activation_Network_42,80,-0.9999999661421004,0.99743,With Self Activation,0.0
80_With Self Activation_Network_43,80,-0.9998592470586964,0.9569433333333331,With Self Activation,0.0
80_With Self Activation_Network_44,80,-0.999923456847784,0.9673333333333334,With Self Activation,0.0
80_With Self Activation_Network_45,80,-1.0,0.9999999999999998,With Self Activation,0.0
80_With Self Activation_Network_46,80,-1.0,1.0,With Self Activation,0.0
80_With Self Activation_Network_47,80,-0.9999998554872505,0.9961266666666666,With Self Activation,0.0
80_With Self Activation_Network_48,80,-1.0,1.0,With Self Activation,0.0
80_With Self Activation_Network_49,80,-0.9999998172287484,0.9954866666666666,With Self Activation,0.0
80_With Self Activation_Network_50,80,-1.0,1.0,With Self Activation,0.0
80_With Self Activation_Network_51,80,-1.0,1.0,With Self Activation,0.0
80_With Self Activation_Network_52,80,-1.0,1.0,With Self Activation,0.0
80_With Self Activation_Network_53,80,-0.999999598705264,0.9941266666666666,With Self Activation,0.0
80_With Self Activation_Network_54,80,-1.0,1.0,With Self Activation,0.0
80_With Self Activation_Network_55,80,-1.0,1.0,With Self Activation,0.0
80_With Self Activation_Network_56,80,-1.0,1.0,With Self Activation,0.0
80_With Self Activation_Network_57,80,-0.9999865686988052,0.98225,With Self Activation,0.0
80_With Self Activation_Network_58,80,-0.9999983297416002,0.99072,With Self Activation,0.0
80_With Self Activation_Network_59,80,-1.0,1.0,With Self Activation,0.0
80_With Self Activation_Network_60,80,-0.999996415439527,0.9877966666666668,With Self Activation,0.0
80_With Self Activation_Network_61,80,-0.9999995966148174,0.9945433333333332,With Self Activation,0.0
80_With Self Activation_Network_62,80,-0.9999964363892808,0.9885166666666666,With Self Activation,0.0
80_With Self Activation_Network_63,80,-0.9999932003432648,0.98211,With Self Activation,0.0
80_With Self Activation_Network_64,80,-0.9999993981545084,0.99328,With Self Activation,0.0
80_With Self Activation_Network_65,80,-0.9999844587814756,0.9808433333333332,With Self Activation,0.0
80_With Self Activation_Network_66,80,-1.0,1.0,With Self Activation,0.0
80_With Self Activation_Network_67,80,-1.0,0.9949966666666664,With Self Activation,0.0
80_With Self Activation_Network_68,80,-1.0,1.0,With Self Activation,0.0
80_With Self Activation_Network_69,80,-0.9999959710033308,0.98784,With Self Activation,0.0
80_With Self Activation_Network_70,80,-1.0,1.0,With Self Activation,0.0
80_With Self Activation_Network_71,80,-0.9999973698090396,0.9892066666666666,With Self Activation,0.0
80_With Self Activation_Network_72,80,-0.9999999207837438,0.9965833333333332,With Self Activation,0.0
80_With Self Activation_Network_73,80,-0.9999999691314064,0.9975066666666664,With Self Activation,0.0
80_With Self Activation_Network_74,80,-0.999992324955634,0.98295,With Self Activation,0.0
80_With Self Activation_Network_75,80,-1.0,1.0,With Self Activation,0.0
80_With Self Activation_Network_76,80,-0.9999998992024182,0.9963,With Self Activation,0.0
80_With Self Activation_Network_77,80,-0.9999973876245376,0.9896933333333332,With Self Activation,0.0
80_With Self Activation_Network_78,80,-1.0,1.0,With Self Activation,0.0
80_With Self Activation_Network_79,80,-1.0,1.0,With Self Activation,0.0
80_With Self Activation_Network_80,80,-0.9999999174654944,0.99654,With Self Activation,0.0
80_With Self Activation_Network_81,80,-0.9999993387507472,0.9930666666666664,With Self Activation,0.0
80_With Self Activation_Network_82,80,-0.999999943818048,0.9969566666666668,With Self Activation,0.0
80_With Self Activation_Network_83,80,-0.9999786992398764,0.97901,With Self Activation,0.0
80_With Self Activation_Network_84,80,-1.0,1.0,With Self Activation,0.0
80_With Self Activation_Network_85,80,-0.9999998803217952,0.9960766666666668,With Self Activation,0.0
80_With Self Activation_Network_86,80,-1.0,1.0,With Self Activation,0.0
80_With Self Activation_Network_87,80,-1.0,1.0,With Self Activation,0.0
80_With Self Activation_Network_88,80,-1.0,1.0,With Self Activation,0.0
80_With Self Activation_Network_89,80,-0.9999955643058216,0.9878066666666666,With Self Activation,0.0
80_With Self Activation_Network_90,80,-1.0,1.0,With Self Activation,0.0
80_With Self Activation_Network_91,80,-0.9998747878754984,0.96224,With Self Activation,0.0
80_With Self Activation_Network_92,80,-1.0,1.0,With Self Activation,0.0
80_With Self Activation_Network_93,80,-1.0,1.0,With Self Activation,0.0
80_With Self Activation_Network_94,80,-1.0,1.0,With Self Activation,0.0
80_With Self Activation_Network_95,80,-0.999998055565892,0.9907566666666666,With Self Activation,0.0
80_With Self Activation_Network_96,80,-0.9999991634745884,0.9926466666666668,With Self Activation,0.0
80_With Self Activation_Network_97,80,-1.0,1.0,With Self Activation,0.0
80_With Self Activation_Network_98,80,-1.0,1.0,With Self Activation,0.0
80_With Self Activation_Network_99,80,-0.9999996627541936,0.9944633333333333,With Self Activation,0.0
80_With Self Activation_Network_0,80,-0.9549363282400616,0.6035666666666666,With Self Activation,20.0
80_With Self Activation_Network_1,80,-0.961916753758544,0.6483899999999999,With Self Activation,20.0
80_With Self Activation_Network_2,80,-1.0,1.0,With Self Activation,20.0
80_With Self Activation_Network_3,80,-0.7440153853403261,0.0,With Self Activation,20.0
80_With Self Activation_Network_4,80,-0.9413371324777936,0.6820466666666666,With Self Activation,20.0
80_With Self Activation_Network_5,80,-0.8293806833386517,0.5411666666666666,With Self Activation,20.0
80_With Self Activation_Network_6,80,-0.9561025162740634,0.8950466666666665,With Self Activation,20.0
80_With Self Activation_Network_7,80,-0.998936393692446,0.9026666666666664,With Self Activation,20.0
80_With Self Activation_Network_8,80,-0.9261140861369898,0.7650533333333334,With Self Activation,20.0
80_With Self Activation_Network_9,80,-0.9254167661353842,0.5577066666666666,With Self Activation,20.0
80_With Self Activation_Network_10,80,-0.9996907243419872,0.90317,With Self Activation,20.0
80_With Self Activation_Network_11,80,-0.99998146746122,1.0000000000000004e-05,With Self Activation,20.0
80_With Self Activation_Network_12,80,-0.979230335336494,0.8276766666666666,With Self Activation,20.0
80_With Self Activation_Network_13,80,-0.9312268659157872,0.6191366666666667,With Self Activation,20.0
80_With Self Activation_Network_14,80,-1.0,1.0,With Self Activation,20.0
80_With Self Activation_Network_15,80,-0.9369645133479249,0.6143233333333333,With Self Activation,20.0
80_With Self Activation_Network_16,80,-0.928298988998584,0.5150133333333333,With Self Activation,20.0
80_With Self Activation_Network_17,80,-0.8947175806488542,0.4314633333333332,With Self Activation,20.0
80_With Self Activation_Network_18,80,-0.9421194082797296,0.6137233333333333,With Self Activation,20.0
80_With Self Activation_Network_19,80,-0.9999999999999082,0.99995,With Self Activation,20.0
80_With Self Activation_Network_20,80,-0.9999556150703496,0.9719533333333332,With Self Activation,20.0
80_With Self Activation_Network_21,80,-1.0,1.0,With Self Activation,20.0
80_With Self Activation_Network_22,80,-0.9099908528789712,0.7059233333333332,With Self Activation,20.0
80_With Self Activation_Network_23,80,-0.9437700513164232,0.6825333333333333,With Self Activation,20.0
80_With Self Activation_Network_24,80,-0.9740337204444278,0.6918733333333333,With Self Activation,20.0
80_With Self Activation_Network_25,80,-0.8707289270774407,0.0,With Self Activation,20.0
80_With Self Activation_Network_26,80,-0.999962467588958,0.9331733333333332,With Self Activation,20.0
80_With Self Activation_Network_27,80,-0.9714760023290134,0.6665966666666666,With Self Activation,20.0
80_With Self Activation_Network_28,80,-0.9361255882812968,0.5553199999999998,With Self Activation,20.0
80_With Self Activation_Network_29,80,-0.9999979884023004,0.99353,With Self Activation,20.0
80_With Self Activation_Network_30,80,-0.9102926431302668,0.7078166666666665,With Self Activation,20.0
80_With Self Activation_Network_31,80,-0.9852901326083032,0.94474,With Self Activation,20.0
80_With Self Activation_Network_32,80,-1.0,0.77792,With Self Activation,20.0
80_With Self Activation_Network_33,80,-0.9272167995772508,0.70533,With Self Activation,20.0
80_With Self Activation_Network_34,80,-0.9862876585181634,0.0,With Self Activation,20.0
80_With Self Activation_Network_35,80,-0.9077565190076178,0.4815033333333333,With Self Activation,20.0
80_With Self Activation_Network_36,80,-0.9982997363826882,0.7857266666666666,With Self Activation,20.0
80_With Self Activation_Network_37,80,-0.9999780734270938,0.9268999999999998,With Self Activation,20.0
80_With Self Activation_Network_38,80,-1.0,0.87273,With Self Activation,20.0
80_With Self Activation_Network_39,80,-0.8478483710809186,0.3858799999999999,With Self Activation,20.0
80_With Self Activation_Network_40,80,-0.94326066405452,0.76265,With Self Activation,20.0
80_With Self Activation_Network_41,80,-0.9994881596834556,0.8232999999999999,With Self Activation,20.0
80_With Self Activation_Network_42,80,-0.917633001478251,0.3958033333333332,With Self Activation,20.0
80_With Self Activation_Network_43,80,-0.9999941634722904,0.9743433333333332,With Self Activation,20.0
80_With Self Activation_Network_44,80,-1.0,0.9343366666666668,With Self Activation,20.0
80_With Self Activation_Network_45,80,-1.0,0.9174333333333332,With Self Activation,20.0
80_With Self Activation_Network_46,80,-0.9537067339624348,0.692,With Self Activation,20.0
80_With Self Activation_Network_47,80,-0.9999023957027022,0.8984866666666667,With Self Activation,20.0
80_With Self Activation_Network_48,80,-0.9656154198052824,0.6346866666666666,With Self Activation,20.0
80_With Self Activation_Network_49,80,-0.9312436870551776,0.58663,With Self Activation,20.0
80_With Self Activation_Network_50,80,-0.8652700166862961,0.61627,With Self Activation,20.0
80_With Self Activation_Network_51,80,-0.8784747932258461,0.3762933333333332,With Self Activation,20.0
80_With Self Activation_Network_52,80,-0.9424230885556883,0.7887033333333333,With Self Activation,20.0
80_With Self Activation_Network_53,80,-0.9018967872047112,0.5510466666666666,With Self Activation,20.0
80_With Self Activation_Network_54,80,-0.9259148105258956,0.78909,With Self Activation,20.0
80_With Self Activation_Network_55,80,-0.8934032137470859,0.6007733333333334,With Self Activation,20.0
80_With Self Activation_Network_56,80,-0.9882162807428524,0.7645899999999999,With Self Activation,20.0
80_With Self Activation_Network_57,80,-0.9212395506312928,3.3333333333333337e-06,With Self Activation,20.0
80_With Self Activation_Network_58,80,-1.0,1.0,With Self Activation,20.0
80_With Self Activation_Network_59,80,-0.9552127052651298,0.7693933333333334,With Self Activation,20.0
80_With Self Activation_Network_60,80,-0.7455195311262622,0.0,With Self Activation,20.0
80_With Self Activation_Network_61,80,-0.9968143457193912,0.74505,With Self Activation,20.0
80_With Self Activation_Network_62,80,-0.983732272908634,0.9695533333333332,With Self Activation,20.0
80_With Self Activation_Network_63,80,-0.9999876677647364,0.94872,With Self Activation,20.0
80_With Self Activation_Network_64,80,-0.8949829009103101,0.5283533333333333,With Self Activation,20.0
80_With Self Activation_Network_65,80,-0.9488754440214854,0.3005866666666665,With Self Activation,20.0
80_With Self Activation_Network_66,80,-0.9929823257326597,0.6503233333333333,With Self Activation,20.0
80_With Self Activation_Network_67,80,-0.9561294519271536,0.7007933333333334,With Self Activation,20.0
80_With Self Activation_Network_68,80,-0.9905662490441542,0.63581,With Self Activation,20.0
80_With Self Activation_Network_69,80,-0.9084093534529436,0.5775666666666666,With Self Activation,20.0
80_With Self Activation_Network_70,80,-0.9999058812365962,0.9947033333333332,With Self Activation,20.0
80_With Self Activation_Network_71,80,-0.9999731257286733,0.97704,With Self Activation,20.0
80_With Self Activation_Network_72,80,-1.0,1.0,With Self Activation,20.0
80_With Self Activation_Network_73,80,-0.9991307488601132,0.8901066666666666,With Self Activation,20.0
80_With Self Activation_Network_74,80,-0.917136403891327,0.4146999999999999,With Self Activation,20.0
80_With Self Activation_Network_75,80,-0.923906024154629,0.7054466666666667,With Self Activation,20.0
80_With Self Activation_Network_76,80,-0.8571486260303434,0.6383066666666667,With Self Activation,20.0
80_With Self Activation_Network_77,80,-0.9019252816772156,0.4382433333333333,With Self Activation,20.0
80_With Self Activation_Network_78,80,-0.9111107104012064,0.5808866666666666,With Self Activation,20.0
80_With Self Activation_Network_79,80,-0.999995499078105,0.99991,With Self Activation,20.0
80_With Self Activation_Network_80,80,-0.8952032710297414,0.4675999999999999,With Self Activation,20.0
80_With Self Activation_Network_81,80,-0.6907879786567024,0.1779099999999999,With Self Activation,20.0
80_With Self Activation_Network_82,80,-0.9531545640557624,0.0,With Self Activation,20.0
80_With Self Activation_Network_83,80,-1.0,0.9761433333333334,With Self Activation,20.0
80_With Self Activation_Network_84,80,-0.9210594342155092,0.6509566666666666,With Self Activation,20.0
80_With Self Activation_Network_85,80,-0.935844067177942,0.5697966666666667,With Self Activation,20.0
80_With Self Activation_Network_86,80,-0.9130976461297128,0.7062499999999999,With Self Activation,20.0
80_With Self Activation_Network_87,80,-0.907367552994119,0.4502266666666665,With Self Activation,20.0
80_With Self Activation_Network_88,80,-0.9982669775599664,0.7281366666666667,With Self Activation,20.0
80_With Self Activation_Network_89,80,-0.910356873296055,0.3843233333333333,With Self Activation,20.0
80_With Self Activation_Network_90,80,-1.0,1.0,With Self Activation,20.0
80_With Self Activation_Network_91,80,-0.9961412312160294,0.8710099999999998,With Self Activation,20.0
80_With Self Activation_Network_92,80,-1.0,0.9462266666666664,With Self Activation,20.0
80_With Self Activation_Network_93,80,-0.9281298932811302,0.3772433333333333,With Self Activation,20.0
80_With Self Activation_Network_94,80,-0.8839256142167154,0.4286899999999999,With Self Activation,20.0
80_With Self Activation_Network_95,80,-1.0,0.0,With Self Activation,20.0
80_With Self Activation_Network_96,80,-0.9995982986410168,0.90896,With Self Activation,20.0
80_With Self Activation_Network_97,80,-0.9145576903817456,0.5841999999999998,With Self Activation,20.0
80_With Self Activation_Network_98,80,-0.989243061471659,0.7841866666666666,With Self Activation,20.0
80_With Self Activation_Network_99,80,-0.9994516487191842,0.9697466666666664,With Self Activation,20.0
80_With Self Activation_Network_0,80,-0.2310879734801005,0.0,With Self Activation,40.0
80_With Self Activation_Network_1,80,-0.3932146019222451,0.0151133333333333,With Self Activation,40.0
80_With Self Activation_Network_2,80,-0.3506306331104961,0.0026766666666666,With Self Activation,40.0
80_With Self Activation_Network_3,80,-0.8801621613654154,0.0026666666666666,With Self Activation,40.0
80_With Self Activation_Network_4,80,-0.5199590893987207,5.333333333333333e-05,With Self Activation,40.0
80_With Self Activation_Network_5,80,-0.9591535132516528,0.00015,With Self Activation,40.0
80_With Self Activation_Network_6,80,-0.3801892565114057,0.0401133333333331,With Self Activation,40.0
80_With Self Activation_Network_7,80,0.1414441574773048,0.0155766666666666,With Self Activation,40.0
80_With Self Activation_Network_8,80,-0.5283485141972648,0.0,With Self Activation,40.0
80_With Self Activation_Network_9,80,-0.3708603421743338,0.0046266666666666,With Self Activation,40.0
80_With Self Activation_Network_10,80,-0.4845885045815019,0.0,With Self Activation,40.0
80_With Self Activation_Network_11,80,0.4278088989765689,0.0,With Self Activation,40.0
80_With Self Activation_Network_12,80,-0.5115523264830645,0.0,With Self Activation,40.0
80_With Self Activation_Network_13,80,-0.4536420544059352,0.0,With Self Activation,40.0
80_With Self Activation_Network_14,80,-0.3594214916090668,0.0,With Self Activation,40.0
80_With Self Activation_Network_15,80,-0.2084432153129146,0.0,With Self Activation,40.0
80_With Self Activation_Network_16,80,-0.7035484936255082,0.0,With Self Activation,40.0
80_With Self Activation_Network_17,80,0.9999714598831138,0.0,With Self Activation,40.0
80_With Self Activation_Network_18,80,-0.7518966997582722,0.0,With Self Activation,40.0
80_With Self Activation_Network_19,80,-0.6839585957235318,0.0001433333333333,With Self Activation,40.0
80_With Self Activation_Network_20,80,-0.0218776741081432,0.0048433333333333,With Self Activation,40.0
80_With Self Activation_Network_21,80,-0.3931757135547325,0.0142499999999999,With Self Activation,40.0
80_With Self Activation_Network_22,80,-0.7150819814753148,0.0025566666666666,With Self Activation,40.0
80_With Self Activation_Network_23,80,0.069631765114583,0.0,With Self Activation,40.0
80_With Self Activation_Network_24,80,0.4091225931857616,8e-05,With Self Activation,40.0
80_With Self Activation_Network_25,80,-0.4528406380939239,0.0001466666666666,With Self Activation,40.0
80_With Self Activation_Network_26,80,-0.0120122549397596,0.0299033333333332,With Self Activation,40.0
80_With Self Activation_Network_27,80,-0.6086223780481098,0.0001233333333333,With Self Activation,40.0
80_With Self Activation_Network_28,80,-0.7490879824642053,0.0685833333333333,With Self Activation,40.0
80_With Self Activation_Network_29,80,-0.6756444853092548,0.0516833333333333,With Self Activation,40.0
80_With Self Activation_Network_30,80,-0.9165252037301288,8e-05,With Self Activation,40.0
80_With Self Activation_Network_31,80,-0.76654322388321,0.0234533333333333,With Self Activation,40.0
80_With Self Activation_Network_32,80,-0.9183266467068456,0.0,With Self Activation,40.0
80_With Self Activation_Network_33,80,-0.5023266701513032,0.0,With Self Activation,40.0
80_With Self Activation_Network_34,80,-0.998637549967522,0.79711,With Self Activation,40.0
80_With Self Activation_Network_35,80,-0.6810698836248881,0.0,With Self Activation,40.0
80_With Self Activation_Network_36,80,-0.3073785858915129,0.0,With Self Activation,40.0
80_With Self Activation_Network_37,80,-0.7023078877145231,0.0,With Self Activation,40.0
80_With Self Activation_Network_38,80,-0.964931239108179,0.0404299999999999,With Self Activation,40.0
80_With Self Activation_Network_39,80,-0.9744309441887018,6.000000000000001e-05,With Self Activation,40.0
80_With Self Activation_Network_40,80,0.2318532286136376,0.0,With Self Activation,40.0
80_With Self Activation_Network_41,80,-0.997049114330338,5.333333333333333e-05,With Self Activation,40.0
80_With Self Activation_Network_42,80,-0.2107348095314116,2.3333333333333336e-05,With Self Activation,40.0
80_With Self Activation_Network_43,80,0.0003625729787846,2.666666666666667e-05,With Self Activation,40.0
80_With Self Activation_Network_44,80,0.481226475692606,0.0,With Self Activation,40.0
80_With Self Activation_Network_45,80,-0.8944222230742499,0.0,With Self Activation,40.0
80_With Self Activation_Network_46,80,-0.1313408188885775,0.0,With Self Activation,40.0
80_With Self Activation_Network_47,80,-0.8803184249765514,0.0005833333333331,With Self Activation,40.0
80_With Self Activation_Network_48,80,-0.28173817702477,3.3333333333333337e-06,With Self Activation,40.0
80_With Self Activation_Network_49,80,-1.0,0.0,With Self Activation,40.0
80_With Self Activation_Network_50,80,-0.4631831306673891,0.0089799999999999,With Self Activation,40.0
80_With Self Activation_Network_51,80,-0.8433461854384016,0.0023233333333332,With Self Activation,40.0
80_With Self Activation_Network_52,80,-0.9612351263802162,0.0093133333333332,With Self Activation,40.0
80_With Self Activation_Network_53,80,-0.9838032363563096,0.0,With Self Activation,40.0
80_With Self Activation_Network_54,80,-0.9292852524333686,0.0,With Self Activation,40.0
80_With Self Activation_Network_55,80,0.5859387059981472,0.0002399999999999,With Self Activation,40.0
80_With Self Activation_Network_56,80,-0.0898490335077455,0.0,With Self Activation,40.0
80_With Self Activation_Network_57,80,-0.8837577868292585,0.0182366666666666,With Self Activation,40.0
80_With Self Activation_Network_58,80,-0.8262101173974562,3.3333333333333337e-06,With Self Activation,40.0
80_With Self Activation_Network_59,80,0.6706249612809355,0.0,With Self Activation,40.0
80_With Self Activation_Network_60,80,-1.0,0.0,With Self Activation,40.0
80_With Self Activation_Network_61,80,-0.4148118215302718,0.0,With Self Activation,40.0
80_With Self Activation_Network_62,80,-0.9146152493349412,5.333333333333333e-05,With Self Activation,40.0
80_With Self Activation_Network_63,80,-0.6214717582447534,0.0036466666666666,With Self Activation,40.0
80_With Self Activation_Network_64,80,-0.115983034649328,0.0002033333333332,With Self Activation,40.0
80_With Self Activation_Network_65,80,0.9995691168921764,0.0,With Self Activation,40.0
80_With Self Activation_Network_66,80,-0.6515609857366068,0.0002599999999999,With Self Activation,40.0
80_With Self Activation_Network_67,80,-0.8935409950395362,1.0000000000000004e-05,With Self Activation,40.0
80_With Self Activation_Network_68,80,0.0637040904877424,0.0002333333333333,With Self Activation,40.0
80_With Self Activation_Network_69,80,-0.5218490596971255,0.0,With Self Activation,40.0
80_With Self Activation_Network_70,80,0.3841508918010236,0.0,With Self Activation,40.0
80_With Self Activation_Network_71,80,-0.9931061767556622,1e-05,With Self Activation,40.0
80_With Self Activation_Network_72,80,0.2711192559211146,0.0001933333333333,With Self Activation,40.0
80_With Self Activation_Network_73,80,-0.4919543798311744,0.0268333333333332,With Self Activation,40.0
80_With Self Activation_Network_74,80,-0.9527398319160932,0.0,With Self Activation,40.0
80_With Self Activation_Network_75,80,0.998929305504998,0.0,With Self Activation,40.0
80_With Self Activation_Network_76,80,-0.9360185578226766,0.0084833333333333,With Self Activation,40.0
80_With Self Activation_Network_77,80,1.0,0.0,With Self Activation,40.0
80_With Self Activation_Network_78,80,-0.9901121386266166,1.0000000000000004e-05,With Self Activation,40.0
80_With Self Activation_Network_79,80,0.7547927785244803,0.0159366666666666,With Self Activation,40.0
80_With Self Activation_Network_80,80,0.995834932882087,0.0,With Self Activation,40.0
80_With Self Activation_Network_81,80,-0.230782690682194,0.0232599999999999,With Self Activation,40.0
80_With Self Activation_Network_82,80,-0.5831272353407468,0.0004466666666666,With Self Activation,40.0
80_With Self Activation_Network_83,80,-0.8982798742924754,0.0020666666666666,With Self Activation,40.0
80_With Self Activation_Network_84,80,-0.5691690332212858,0.0,With Self Activation,40.0
80_With Self Activation_Network_85,80,-0.7653050680563711,0.0035399999999999,With Self Activation,40.0
80_With Self Activation_Network_86,80,-0.9993514026017905,0.0,With Self Activation,40.0
80_With Self Activation_Network_87,80,-0.9999940204072768,0.0,With Self Activation,40.0
80_With Self Activation_Network_88,80,-0.8059675886556235,5.333333333333333e-05,With Self Activation,40.0
80_With Self Activation_Network_89,80,0.934033605100143,0.0003133333333333,With Self Activation,40.0
80_With Self Activation_Network_90,80,-0.348129136001329,0.0,With Self Activation,40.0
80_With Self Activation_Network_91,80,-0.9524783805620932,0.0001433333333333,With Self Activation,40.0
80_With Self Activation_Network_92,80,-0.335676137922961,0.0,With Self Activation,40.0
80_With Self Activation_Network_93,80,-0.9928081570460608,2e-05,With Self Activation,40.0
80_With Self Activation_Network_94,80,-0.6226594017655614,0.0186533333333332,With Self Activation,40.0
80_With Self Activation_Network_95,80,-0.8651004855883714,0.0,With Self Activation,40.0
80_With Self Activation_Network_96,80,0.8314490977441619,6.666666666666668e-06,With Self Activation,40.0
80_With Self Activation_Network_97,80,0.4128046434311785,0.0001233333333333,With Self Activation,40.0
80_With Self Activation_Network_98,80,-0.8952091452510766,0.4383,With Self Activation,40.0
80_With Self Activation_Network_99,80,-0.4456675143125048,0.0,With Self Activation,40.0
80_With Self Activation_Network_0,80,-0.4327685147680035,0.0,With Self Activation,60.0
80_With Self Activation_Network_1,80,-0.8779333619580009,0.0,With Self Activation,60.0
80_With Self Activation_Network_2,80,-0.127002004774789,0.0,With Self Activation,60.0
80_With Self Activation_Network_3,80,0.2941892816405102,1.3333333333333337e-05,With Self Activation,60.0
80_With Self Activation_Network_4,80,-0.6534850540641842,0.0,With Self Activation,60.0
80_With Self Activation_Network_5,80,-0.9471864915743914,0.0,With Self Activation,60.0
80_With Self Activation_Network_6,80,0.4120261172967077,2.3333333333333336e-05,With Self Activation,60.0
80_With Self Activation_Network_7,80,-0.9967161947593088,0.0,With Self Activation,60.0
80_With Self Activation_Network_8,80,0.0128376761417492,0.0,With Self Activation,60.0
80_With Self Activation_Network_9,80,-0.9143079667692804,0.0,With Self Activation,60.0
80_With Self Activation_Network_10,80,0.0218312433809905,6.666666666666668e-06,With Self Activation,60.0
80_With Self Activation_Network_11,80,0.8944271286303808,0.0,With Self Activation,60.0
80_With Self Activation_Network_12,80,0.6633965345858504,0.0,With Self Activation,60.0
80_With Self Activation_Network_13,80,-0.1045718177019574,0.00014,With Self Activation,60.0
80_With Self Activation_Network_14,80,0.6797040074513306,0.0005599999999999,With Self Activation,60.0
80_With Self Activation_Network_15,80,0.0971414457680679,0.0,With Self Activation,60.0
80_With Self Activation_Network_16,80,0.4051847765541496,4e-05,With Self Activation,60.0
80_With Self Activation_Network_17,80,0.1073397635183277,0.0,With Self Activation,60.0
80_With Self Activation_Network_18,80,0.3225409432182388,0.0,With Self Activation,60.0
80_With Self Activation_Network_19,80,0.7603163679727607,0.0,With Self Activation,60.0
80_With Self Activation_Network_20,80,0.9846908532094264,0.0,With Self Activation,60.0
80_With Self Activation_Network_21,80,0.3218748394121429,0.0,With Self Activation,60.0
80_With Self Activation_Network_22,80,0.2716490803005127,6.666666666666667e-05,With Self Activation,60.0
80_With Self Activation_Network_23,80,-0.785169777031289,0.0,With Self Activation,60.0
80_With Self Activation_Network_24,80,-0.5246127560137513,0.0,With Self Activation,60.0
80_With Self Activation_Network_25,80,-0.0055761023880611,0.0,With Self Activation,60.0
80_With Self Activation_Network_26,80,0.2643593183188785,0.0,With Self Activation,60.0
80_With Self Activation_Network_27,80,0.6476371302609906,0.0,With Self Activation,60.0
80_With Self Activation_Network_28,80,-0.964031822185955,0.0,With Self Activation,60.0
80_With Self Activation_Network_29,80,-0.1020469302948167,0.0,With Self Activation,60.0
80_With Self Activation_Network_30,80,0.672184308623794,0.0,With Self Activation,60.0
80_With Self Activation_Network_31,80,0.2081660150621642,3.3333333333333337e-06,With Self Activation,60.0
80_With Self Activation_Network_32,80,-0.9681714424111538,0.0,With Self Activation,60.0
80_With Self Activation_Network_33,80,0.1450509088063482,0.0,With Self Activation,60.0
80_With Self Activation_Network_34,80,-0.0352684689727785,0.0,With Self Activation,60.0
80_With Self Activation_Network_35,80,-0.9971285579862388,0.0,With Self Activation,60.0
80_With Self Activation_Network_36,80,0.0659904451141144,0.0,With Self Activation,60.0
80_With Self Activation_Network_37,80,0.9522433142485266,0.0,With Self Activation,60.0
80_With Self Activation_Network_38,80,0.3519540800834537,2.3333333333333336e-05,With Self Activation,60.0
80_With Self Activation_Network_39,80,0.2750989088859149,3.3333333333333337e-06,With Self Activation,60.0
80_With Self Activation_Network_40,80,0.9994685842497844,0.0,With Self Activation,60.0
80_With Self Activation_Network_41,80,0.8007289492847672,0.0,With Self Activation,60.0
80_With Self Activation_Network_42,80,-0.3096484672441581,0.0,With Self Activation,60.0
80_With Self Activation_Network_43,80,0.2079855497025016,0.0,With Self Activation,60.0
80_With Self Activation_Network_44,80,0.0563015266657691,0.0,With Self Activation,60.0
80_With Self Activation_Network_45,80,-0.7277464941022246,0.0,With Self Activation,60.0
80_With Self Activation_Network_46,80,0.3783933071413295,0.0,With Self Activation,60.0
80_With Self Activation_Network_47,80,0.9272810001388144,0.0,With Self Activation,60.0
80_With Self Activation_Network_48,80,-0.9437441777835116,0.0,With Self Activation,60.0
80_With Self Activation_Network_49,80,0.5214320609330356,3.3333333333333337e-06,With Self Activation,60.0
80_With Self Activation_Network_50,80,0.8967323361282654,0.0,With Self Activation,60.0
80_With Self Activation_Network_51,80,-0.5111611965659337,0.0,With Self Activation,60.0
80_With Self Activation_Network_52,80,-1.0,0.0,With Self Activation,60.0
80_With Self Activation_Network_53,80,0.1172402748927528,0.0,With Self Activation,60.0
80_With Self Activation_Network_54,80,0.9999584950901288,0.0,With Self Activation,60.0
80_With Self Activation_Network_55,80,0.7949469869293757,0.0,With Self Activation,60.0
80_With Self Activation_Network_56,80,0.99992560226272,0.0,With Self Activation,60.0
80_With Self Activation_Network_57,80,0.2883461254586043,3.3333333333333337e-06,With Self Activation,60.0
80_With Self Activation_Network_58,80,-0.7564555158747145,0.0,With Self Activation,60.0
80_With Self Activation_Network_59,80,-0.8684637127336888,0.0,With Self Activation,60.0
80_With Self Activation_Network_60,80,0.9900506380085292,0.0,With Self Activation,60.0
80_With Self Activation_Network_61,80,0.8630088310811663,0.0,With Self Activation,60.0
80_With Self Activation_Network_62,80,-0.7846409047482206,0.0,With Self Activation,60.0
80_With Self Activation_Network_63,80,0.5990386493324974,7e-05,With Self Activation,60.0
80_With Self Activation_Network_64,80,0.9992435259873876,0.0,With Self Activation,60.0
80_With Self Activation_Network_65,80,0.7977133624972454,0.0,With Self Activation,60.0
80_With Self Activation_Network_66,80,-0.5763171007145067,0.0,With Self Activation,60.0
80_With Self Activation_Network_67,80,0.3969925060601327,0.0,With Self Activation,60.0
80_With Self Activation_Network_68,80,0.3904390299133018,0.0,With Self Activation,60.0
80_With Self Activation_Network_69,80,-0.5435675685960948,3.3333333333333337e-06,With Self Activation,60.0
80_With Self Activation_Network_70,80,0.5825363055213333,0.0,With Self Activation,60.0
80_With Self Activation_Network_71,80,0.3265916773863087,0.0,With Self Activation,60.0
80_With Self Activation_Network_72,80,-0.9106646496543176,0.0,With Self Activation,60.0
80_With Self Activation_Network_73,80,0.8031185822367838,0.0,With Self Activation,60.0
80_With Self Activation_Network_74,80,0.9999655219601788,0.0,With Self Activation,60.0
80_With Self Activation_Network_75,80,-0.2294469089715239,2.0000000000000005e-05,With Self Activation,60.0
80_With Self Activation_Network_76,80,0.9724863599690868,0.0,With Self Activation,60.0
80_With Self Activation_Network_77,80,0.4453559486445913,0.00014,With Self Activation,60.0
80_With Self Activation_Network_78,80,0.2435523666439965,5.000000000000001e-05,With Self Activation,60.0
80_With Self Activation_Network_79,80,0.635980399256185,0.0,With Self Activation,60.0
80_With Self Activation_Network_80,80,0.0270707660644914,0.0,With Self Activation,60.0
80_With Self Activation_Network_81,80,0.2751308035301989,0.0,With Self Activation,60.0
80_With Self Activation_Network_82,80,0.5644884569691765,0.0,With Self Activation,60.0
80_With Self Activation_Network_83,80,0.005467457726024,0.0,With Self Activation,60.0
80_With Self Activation_Network_84,80,0.0848858005453055,6.666666666666668e-06,With Self Activation,60.0
80_With Self Activation_Network_85,80,0.1410286413302421,0.0,With Self Activation,60.0
80_With Self Activation_Network_86,80,0.1772483327350347,0.0,With Self Activation,60.0
80_With Self Activation_Network_87,80,0.4860642984469602,0.0,With Self Activation,60.0
80_With Self Activation_Network_88,80,0.8141385822821154,0.0,With Self Activation,60.0
80_With Self Activation_Network_89,80,0.4882712164027142,3.3333333333333337e-06,With Self Activation,60.0
80_With Self Activation_Network_90,80,-0.573829602176931,0.0,With Self Activation,60.0
80_With Self Activation_Network_91,80,0.7476283250430494,0.0,With Self Activation,60.0
80_With Self Activation_Network_92,80,0.1697787632180271,3.3333333333333337e-06,With Self Activation,60.0
80_With Self Activation_Network_93,80,0.8687874047028646,0.0,With Self Activation,60.0
80_With Self Activation_Network_94,80,0.9157952957386892,0.0,With Self Activation,60.0
80_With Self Activation_Network_95,80,0.3333526912586921,8e-05,With Self Activation,60.0
80_With Self Activation_Network_96,80,0.9474313907870558,0.0,With Self Activation,60.0
80_With Self Activation_Network_97,80,-0.9120952516469604,0.0,With Self Activation,60.0
80_With Self Activation_Network_98,80,0.3942701857218781,0.0,With Self Activation,60.0
80_With Self Activation_Network_99,80,0.8804894431706234,0.0,With Self Activation,60.0
80_With Self Activation_Network_0,80,0.3204335387266462,0.0,With Self Activation,80.0
80_With Self Activation_Network_1,80,0.9662209789511986,0.0,With Self Activation,80.0
80_With Self Activation_Network_2,80,0.599593421204215,0.0,With Self Activation,80.0
80_With Self Activation_Network_3,80,0.6655700311358377,0.0,With Self Activation,80.0
80_With Self Activation_Network_4,80,0.9886454680859252,0.0,With Self Activation,80.0
80_With Self Activation_Network_5,80,0.6727699639845967,0.0,With Self Activation,80.0
80_With Self Activation_Network_6,80,0.8037248368980103,0.0,With Self Activation,80.0
80_With Self Activation_Network_7,80,0.999924502979337,0.0,With Self Activation,80.0
80_With Self Activation_Network_8,80,0.748570644693894,0.0,With Self Activation,80.0
80_With Self Activation_Network_9,80,0.9226736736503685,0.0,With Self Activation,80.0
80_With Self Activation_Network_10,80,0.7027758139092757,0.0,With Self Activation,80.0
80_With Self Activation_Network_11,80,0.6676946132728242,0.0,With Self Activation,80.0
80_With Self Activation_Network_12,80,0.9284430051923444,0.0,With Self Activation,80.0
80_With Self Activation_Network_13,80,0.9081755204215682,0.0,With Self Activation,80.0
80_With Self Activation_Network_14,80,1.0,0.0,With Self Activation,80.0
80_With Self Activation_Network_15,80,0.7036227845033807,0.0,With Self Activation,80.0
80_With Self Activation_Network_16,80,0.9198163583425188,0.0,With Self Activation,80.0
80_With Self Activation_Network_17,80,0.6364169379766015,0.0,With Self Activation,80.0
80_With Self Activation_Network_18,80,0.7238507260585878,0.0,With Self Activation,80.0
80_With Self Activation_Network_19,80,0.9997135674132548,0.0,With Self Activation,80.0
80_With Self Activation_Network_20,80,0.7931113326670994,0.0,With Self Activation,80.0
80_With Self Activation_Network_21,80,-0.8387073246090836,0.0,With Self Activation,80.0
80_With Self Activation_Network_22,80,0.7683432349107147,0.0,With Self Activation,80.0
80_With Self Activation_Network_23,80,0.7177012539375165,0.0,With Self Activation,80.0
80_With Self Activation_Network_24,80,0.701030070156636,0.0,With Self Activation,80.0
80_With Self Activation_Network_25,80,0.3766929834306486,0.0,With Self Activation,80.0
80_With Self Activation_Network_26,80,0.4937196286767135,0.0,With Self Activation,80.0
80_With Self Activation_Network_27,80,0.3995261308972914,0.0,With Self Activation,80.0
80_With Self Activation_Network_28,80,1.0,0.0,With Self Activation,80.0
80_With Self Activation_Network_29,80,0.8942628072001793,0.0,With Self Activation,80.0
80_With Self Activation_Network_30,80,-0.8789669810019033,0.0,With Self Activation,80.0
80_With Self Activation_Network_31,80,0.9168052751599404,0.0,With Self Activation,80.0
80_With Self Activation_Network_32,80,0.2451828420723249,0.0,With Self Activation,80.0
80_With Self Activation_Network_33,80,0.2846928390287708,0.0,With Self Activation,80.0
80_With Self Activation_Network_34,80,0.8594365685993492,0.0,With Self Activation,80.0
80_With Self Activation_Network_35,80,0.7855768918436382,0.0,With Self Activation,80.0
80_With Self Activation_Network_36,80,0.8244018100758822,0.0,With Self Activation,80.0
80_With Self Activation_Network_37,80,0.4618798768800836,0.0,With Self Activation,80.0
80_With Self Activation_Network_38,80,0.4923392923904203,0.0,With Self Activation,80.0
80_With Self Activation_Network_39,80,-0.2019110373890287,0.0,With Self Activation,80.0
80_With Self Activation_Network_40,80,0.7963677476687563,0.0,With Self Activation,80.0
80_With Self Activation_Network_41,80,0.3321864804218315,0.0,With Self Activation,80.0
80_With Self Activation_Network_42,80,0.4684597281486632,0.0,With Self Activation,80.0
80_With Self Activation_Network_43,80,0.3309197767769242,0.0,With Self Activation,80.0
80_With Self Activation_Network_44,80,0.4289865864162869,0.0,With Self Activation,80.0
80_With Self Activation_Network_45,80,0.6136605751737838,0.0,With Self Activation,80.0
80_With Self Activation_Network_46,80,0.8121998432103339,0.0,With Self Activation,80.0
80_With Self Activation_Network_47,80,0.4989652359378855,0.0,With Self Activation,80.0
80_With Self Activation_Network_48,80,0.2785205307065931,0.0,With Self Activation,80.0
80_With Self Activation_Network_49,80,0.8261547752884096,0.0,With Self Activation,80.0
80_With Self Activation_Network_50,80,-0.6705125625028002,0.0,With Self Activation,80.0
80_With Self Activation_Network_51,80,-0.4911615980121073,0.0,With Self Activation,80.0
80_With Self Activation_Network_52,80,0.7655354352706424,0.0,With Self Activation,80.0
80_With Self Activation_Network_53,80,0.3385814204983647,0.0,With Self Activation,80.0
80_With Self Activation_Network_54,80,-1.0,0.0,With Self Activation,80.0
80_With Self Activation_Network_55,80,0.9975748633815946,0.0,With Self Activation,80.0
80_With Self Activation_Network_56,80,0.8945157705734083,0.0,With Self Activation,80.0
80_With Self Activation_Network_57,80,0.9954633038879044,0.0,With Self Activation,80.0
80_With Self Activation_Network_58,80,0.6242841334283262,0.0,With Self Activation,80.0
80_With Self Activation_Network_59,80,0.6271136627086467,0.0,With Self Activation,80.0
80_With Self Activation_Network_60,80,0.4490941706071868,0.0,With Self Activation,80.0
80_With Self Activation_Network_61,80,0.8256143220917374,0.0,With Self Activation,80.0
80_With Self Activation_Network_62,80,0.3855137798173994,0.0,With Self Activation,80.0
80_With Self Activation_Network_63,80,0.7218971861598211,0.0,With Self Activation,80.0
80_With Self Activation_Network_64,80,-0.9903133843021786,0.0,With Self Activation,80.0
80_With Self Activation_Network_65,80,0.511703581639873,0.0,With Self Activation,80.0
80_With Self Activation_Network_66,80,0.9765214611420616,0.0,With Self Activation,80.0
80_With Self Activation_Network_67,80,1.0,0.0,With Self Activation,80.0
80_With Self Activation_Network_68,80,0.3997339131629474,0.0,With Self Activation,80.0
80_With Self Activation_Network_69,80,0.7717701525544461,0.0,With Self Activation,80.0
80_With Self Activation_Network_70,80,0.690093621856037,0.0,With Self Activation,80.0
80_With Self Activation_Network_71,80,0.9116013919806092,0.0,With Self Activation,80.0
80_With Self Activation_Network_72,80,0.6268755020729678,0.0,With Self Activation,80.0
80_With Self Activation_Network_73,80,0.602093010570152,0.0,With Self Activation,80.0
80_With Self Activation_Network_74,80,0.3820735125412363,0.0,With Self Activation,80.0
80_With Self Activation_Network_75,80,0.9928393381576626,0.0,With Self Activation,80.0
80_With Self Activation_Network_76,80,0.9975000400733902,0.0,With Self Activation,80.0
80_With Self Activation_Network_77,80,0.9092082542777238,0.0,With Self Activation,80.0
80_With Self Activation_Network_78,80,-0.0036190932029095,0.0,With Self Activation,80.0
80_With Self Activation_Network_79,80,0.3977004923313047,0.0,With Self Activation,80.0
80_With Self Activation_Network_80,80,0.9077109486247436,0.0,With Self Activation,80.0
80_With Self Activation_Network_81,80,0.8929937685637854,0.0,With Self Activation,80.0
80_With Self Activation_Network_82,80,0.7089248887697778,0.0,With Self Activation,80.0
80_With Self Activation_Network_83,80,0.999950029035463,0.0,With Self Activation,80.0
80_With Self Activation_Network_84,80,1.0,0.0,With Self Activation,80.0
80_With Self Activation_Network_85,80,0.6466896294783507,0.0,With Self Activation,80.0
80_With Self Activation_Network_86,80,0.9652920506712842,0.0,With Self Activation,80.0
80_With Self Activation_Network_87,80,0.9690299411196122,0.0,With Self Activation,80.0
80_With Self Activation_Network_88,80,0.3382040300157055,0.0,With Self Activation,80.0
80_With Self Activation_Network_89,80,0.8972305345961484,0.0,With Self Activation,80.0
80_With Self Activation_Network_90,80,0.9928365378041588,0.0,With Self Activation,80.0
80_With Self Activation_Network_91,80,0.9788833779299811,0.0,With Self Activation,80.0
80_With Self Activation_Network_92,80,-0.6015477556423339,0.0,With Self Activation,80.0
80_With Self Activation_Network_93,80,-0.7968828351944267,0.0,With Self Activation,80.0
80_With Self Activation_Network_94,80,0.4331229851611607,0.0,With Self Activation,80.0
80_With Self Activation_Network_95,80,0.4317782840731365,0.0,With Self Activation,80.0
80_With Self Activation_Network_96,80,0.5691486461399057,0.0,With Self Activation,80.0
80_With Self Activation_Network_97,80,0.8847939221360184,0.0,With Self Activation,80.0
80_With Self Activation_Network_98,80,1.0,0.0,With Self Activation,80.0
80_With Self Activation_Network_99,80,0.4034306538103766,0.0,With Self Activation,80.0
80_With Self Activation_Network_0,80,0.9951189199809392,0.0,With Self Activation,100.0
80_With Self Activation_Network_1,80,0.9998916173990532,0.0,With Self Activation,100.0
80_With Self Activation_Network_2,80,0.9998039558335576,0.0,With Self Activation,100.0
80_With Self Activation_Network_3,80,0.8642338798478825,0.0,With Self Activation,100.0
80_With Self Activation_Network_4,80,0.9929329540997968,0.0,With Self Activation,100.0
80_With Self Activation_Network_5,80,0.8658080120925135,0.0,With Self Activation,100.0
80_With Self Activation_Network_6,80,0.9930335341036968,0.0,With Self Activation,100.0
80_With Self Activation_Network_7,80,0.8850122261827392,0.0,With Self Activation,100.0
80_With Self Activation_Network_8,80,0.999818365593248,0.0,With Self Activation,100.0
80_With Self Activation_Network_9,80,0.9863213785348433,0.0,With Self Activation,100.0
80_With Self Activation_Network_10,80,0.9874724720817942,0.0,With Self Activation,100.0
80_With Self Activation_Network_11,80,0.9998930127488538,0.0,With Self Activation,100.0
80_With Self Activation_Network_12,80,0.9818306390088472,0.0,With Self Activation,100.0
80_With Self Activation_Network_13,80,0.9976407215188078,0.0,With Self Activation,100.0
80_With Self Activation_Network_14,80,0.9458110318594708,0.0,With Self Activation,100.0
80_With Self Activation_Network_15,80,0.9812412060796156,0.0,With Self Activation,100.0
80_With Self Activation_Network_16,80,0.9849515733071986,0.0,With Self Activation,100.0
80_With Self Activation_Network_17,80,0.8930844864547772,0.0,With Self Activation,100.0
80_With Self Activation_Network_18,80,0.9102287431175732,0.0,With Self Activation,100.0
80_With Self Activation_Network_19,80,0.999263368868658,0.0,With Self Activation,100.0
80_With Self Activation_Network_20,80,0.978309402318541,0.0,With Self Activation,100.0
80_With Self Activation_Network_21,80,0.9975683723230856,0.0,With Self Activation,100.0
80_With Self Activation_Network_22,80,0.9995768604215948,0.0,With Self Activation,100.0
80_With Self Activation_Network_23,80,0.8859374617119999,0.0,With Self Activation,100.0
80_With Self Activation_Network_24,80,0.9797973114069642,0.0,With Self Activation,100.0
80_With Self Activation_Network_25,80,0.993014102913234,0.0,With Self Activation,100.0
80_With Self Activation_Network_26,80,0.9097895018771952,0.0,With Self Activation,100.0
80_With Self Activation_Network_27,80,0.9980503687021486,0.0,With Self Activation,100.0
80_With Self Activation_Network_28,80,0.9111581722607932,0.0,With Self Activation,100.0
80_With Self Activation_Network_29,80,0.868393928782168,0.0,With Self Activation,100.0
80_With Self Activation_Network_30,80,0.9956705695031892,0.0,With Self Activation,100.0
80_With Self Activation_Network_31,80,0.9767135249070588,0.0,With Self Activation,100.0
80_With Self Activation_Network_32,80,0.8851295201303871,0.0,With Self Activation,100.0
80_With Self Activation_Network_33,80,0.9559266009381808,0.0,With Self Activation,100.0
80_With Self Activation_Network_34,80,0.99466687404655,0.0,With Self Activation,100.0
80_With Self Activation_Network_35,80,0.9996160468908238,0.0,With Self Activation,100.0
80_With Self Activation_Network_36,80,0.8523466587099362,0.0,With Self Activation,100.0
80_With Self Activation_Network_37,80,0.9981098207886486,0.0,With Self Activation,100.0
80_With Self Activation_Network_38,80,-0.9679210176455528,0.0,With Self Activation,100.0
80_With Self Activation_Network_39,80,0.878274031079956,0.0,With Self Activation,100.0
80_With Self Activation_Network_40,80,0.8620168589895041,0.0,With Self Activation,100.0
80_With Self Activation_Network_41,80,0.9353576156913744,0.0,With Self Activation,100.0
80_With Self Activation_Network_42,80,0.9857965490466106,0.0,With Self Activation,100.0
80_With Self Activation_Network_43,80,0.9999967272935212,0.0,With Self Activation,100.0
80_With Self Activation_Network_44,80,0.9998910752487586,0.0,With Self Activation,100.0
80_With Self Activation_Network_45,80,0.9999583195559872,0.0,With Self Activation,100.0
80_With Self Activation_Network_46,80,0.8917719960828802,0.0,With Self Activation,100.0
80_With Self Activation_Network_47,80,0.9410144618529812,0.0,With Self Activation,100.0
80_With Self Activation_Network_48,80,0.9984371353706584,0.0,With Self Activation,100.0
80_With Self Activation_Network_49,80,0.985387514560929,0.0,With Self Activation,100.0
80_With Self Activation_Network_50,80,0.9875354181929962,0.0,With Self Activation,100.0
80_With Self Activation_Network_51,80,0.8366591069594266,0.0,With Self Activation,100.0
80_With Self Activation_Network_52,80,0.9999448683994014,0.0,With Self Activation,100.0
80_With Self Activation_Network_53,80,0.9388212971134005,0.0,With Self Activation,100.0
80_With Self Activation_Network_54,80,0.906293978786024,0.0,With Self Activation,100.0
80_With Self Activation_Network_55,80,0.8526945796271017,0.0,With Self Activation,100.0
80_With Self Activation_Network_56,80,0.967959710263288,0.0,With Self Activation,100.0
80_With Self Activation_Network_57,80,0.6833346182688901,0.0,With Self Activation,100.0
80_With Self Activation_Network_58,80,0.9023809514364148,0.0,With Self Activation,100.0
80_With Self Activation_Network_59,80,0.9979406797149634,0.0,With Self Activation,100.0
80_With Self Activation_Network_60,80,0.9991424098476432,0.0,With Self Activation,100.0
80_With Self Activation_Network_61,80,0.970103311227706,0.0,With Self Activation,100.0
80_With Self Activation_Network_62,80,0.9618750899799748,0.0,With Self Activation,100.0
80_With Self Activation_Network_63,80,0.9983858354474026,0.0,With Self Activation,100.0
80_With Self Activation_Network_64,80,0.8549757260814788,0.0,With Self Activation,100.0
80_With Self Activation_Network_65,80,0.8769506485548533,0.0,With Self Activation,100.0
80_With Self Activation_Network_66,80,0.9979203566116956,0.0,With Self Activation,100.0
80_With Self Activation_Network_67,80,0.998673915050695,0.0,With Self Activation,100.0
80_With Self Activation_Network_68,80,0.860880868123,0.0,With Self Activation,100.0
80_With Self Activation_Network_69,80,0.8551480681334476,0.0,With Self Activation,100.0
80_With Self Activation_Network_70,80,0.9371227151809248,0.0,With Self Activation,100.0
80_With Self Activation_Network_71,80,0.9524548213751882,0.0,With Self Activation,100.0
80_With Self Activation_Network_72,80,0.9732296740097048,0.0,With Self Activation,100.0
80_With Self Activation_Network_73,80,0.9850126697664412,0.0,With Self Activation,100.0
80_With Self Activation_Network_74,80,0.9431889480458454,0.0,With Self Activation,100.0
80_With Self Activation_Network_75,80,0.9994497691978612,0.0,With Self Activation,100.0
80_With Self Activation_Network_76,80,0.7722884767552379,0.0,With Self Activation,100.0
80_With Self Activation_Network_77,80,0.8575993652940244,0.0,With Self Activation,100.0
80_With Self Activation_Network_78,80,0.7880505595426458,0.0,With Self Activation,100.0
80_With Self Activation_Network_79,80,0.8064653830180211,0.0,With Self Activation,100.0
80_With Self Activation_Network_80,80,0.9824719585735796,0.0,With Self Activation,100.0
80_With Self Activation_Network_81,80,0.9999775345477272,0.0,With Self Activation,100.0
80_With Self Activation_Network_82,80,0.7944265879828886,0.0,With Self Activation,100.0
80_With Self Activation_Network_83,80,0.9953657339863368,0.0,With Self Activation,100.0
80_With Self Activation_Network_84,80,0.9517261127828174,0.0,With Self Activation,100.0
80_With Self Activation_Network_85,80,0.9238041415077956,0.0,With Self Activation,100.0
80_With Self Activation_Network_86,80,0.7998926188153442,0.0,With Self Activation,100.0
80_With Self Activation_Network_87,80,0.850140821939263,0.0,With Self Activation,100.0
80_With Self Activation_Network_88,80,0.9975084040519322,0.0,With Self Activation,100.0
80_With Self Activation_Network_89,80,0.9950032271784012,0.0,With Self Activation,100.0
80_With Self Activation_Network_90,80,0.8778772987339969,0.0,With Self Activation,100.0
80_With Self Activation_Network_91,80,0.902744980127214,0.0,With Self Activation,100.0
80_With Self Activation_Network_92,80,0.9071379077322484,0.0,With Self Activation,100.0
80_With Self Activation_Network_93,80,0.9990910302138738,0.0,With Self Activation,100.0
80_With Self Activation_Network_94,80,0.9993381348432632,0.0,With Self Activation,100.0
80_With Self Activation_Network_95,80,0.9846984895612892,0.0,With Self Activation,100.0
80_With Self Activation_Network_96,80,0.9738696439877318,0.0,With Self Activation,100.0
80_With Self Activation_Network_97,80,0.9944498945040652,0.0,With Self Activation,100.0
80_With Self Activation_Network_98,80,0.9979861934630792,0.0,With Self Activation,100.0
80_With Self Activation_Network_99,80,0.996212287917903,0.0,With Self Activation,100.0
